company,contact,segment,pain_hypothesis,channel,motion,offer_id,status,next_action,next_action_date,priority,notes
REPLACE:وكالة من شبكتك 1,REPLACE:اسم المدير,agency_wedge,العميل يسأل ماذا حدث بعد الحملة,linkedin_manual,A,ten_lead_audit,not_contacted,مسودة لمسة — موافقة قبل الإرسال,,high,warm — عبّئ من CRM أو مقدمة شخصية
REPLACE:وكالة من شبكتك 2,REPLACE:شريك مؤسس,agency_wedge,CRM مليان بلا owner للمتابعة,email_warm,A,agency_proof_pack,not_contacted,طلب ديمو 10 دقائق,,high,warm — Motion A أولوية
REPLACE:وكالة من شبكتك 3,REPLACE:مدير عمليات,agency_wedge,لا proof أسبوعي للعميل,linkedin_manual,A,ten_lead_audit,message_drafted,مراجعة مسودة قبل إرسال,,medium,warm
REPLACE:مؤسس SaaS معروف,REPLACE:CEO,saas,توسع AI بدون حوكمة,linkedin_manual,D,executive_diagnostic,not_contacted,لغة Control Tower,,high,warm intro مطلوبة
REPLACE:شريك CRM/HubSpot,REPLACE:مستشار,crm_partner,يحتاج diagnostic قبل التنفيذ,email_warm,C,diagnostic_layer,not_contacted,عرض Proof قبل التنفيذ,,medium,Motion C
REPLACE:B2B خدمات معروفة,REPLACE:مدير مبيعات,direct_b2b,follow-up غير موثق,email_warm,B,governed_diagnostic,not_contacted,Discovery 30 دقيقة,,medium,Motion B
REPLACE:قاعة/فندق B2B,REPLACE:مدير فعاليات,hospitality,استفسارات حجز بلا owner,inbound,B,ten_lead_audit,replied,إرسال Risk Score,,medium,inbound warm
REPLACE:مطور عقاري,REPLACE:مدير مبيعات,real_estate_developer,تأخر رد على leads inbound,phone_task,B,ten_lead_audit,not_contacted,مكالمة 5 دقائق,,high,قطاع ICP ذهب
REPLACE:شريك وكالة محتمل,REPLACE:مدير شراكات,agency_partner,co-sell عميل واحد,partner_intro,A,partner_sprint,not_contacted,Partner one-pager,,high,warm partner
REPLACE:استشاري نمو,REPLACE:شريك,consulting_firm,عملاء يطلبون أتمتة بلا حوكمة,email_warm,A,agency_proof_pack,not_contacted,مسودة email warm,,medium,warm
REPLACE:تقنية B2B,REPLACE:CTO,saas,Pipeline بلا evidence,linkedin_manual,B,governed_diagnostic,not_contacted,تعليق LinkedIn ثم DM,,medium,warm
REPLACE:تجارة B2B بالجملة,REPLACE:مدير مبيعات,direct_b2b,تسعير يدوي وردود متأخرة,email_warm,B,governed_diagnostic,not_contacted,بريد warm مع Diagnostic,,high,قطاع سعودي كبير
سواعد للتسويق الإلكتروني,REPLACE:مدير حسابات,agency_wedge,إدارة حملات متعددة بلا نظام مركزي,linkedin_manual,A,ten_lead_audit,not_contacted,مسودة LinkedIn warm,,high,وكالة سعودية معروفة
نجوم الإعلام,REPLACE:مدير عمليات,agency_wedge,مشاريع إعلامية بلا Project OS,email_warm,A,agency_proof_pack,not_contacted,مسودة email warm,,medium,وكالة إعلام
مدى الإبداع,REPLACE:شريك مؤسس,agency_wedge,توسع الفريق بدون SOPs,linkedin_manual,A,ten_lead_audit,not_contacted,طلب مكالمة 15 دقيقة,,high,وكالة إبداع
بناء الرؤى العقارية,REPLACE:مدير مبيعات,real_estate_developer,leads من حملات Google بلا owner,phone_task,B,ten_lead_audit,not_contacted,مكالمة استكشافية,,high,مطور عقاري سعودي
روشن,REPLACE:مدير علاقات عملاء,real_estate_developer,كميات كبيرة من الاستفسارات تحتاج توزيع ذكي,email_warm,B,governed_diagnostic,not_contacted,بريد مخصص مع Risk Score,,high,علامة عقارية سعودية
الفعاليات السعودية,REPLACE:مدير فعاليات,hospitality,طلبات RFP وعروض أسعار بلا نظام,linkedin_manual,B,ten_lead_audit,not_contacted,مسودة LinkedIn warm,,medium,شركة فعاليات
الضيافة الراقية,REPLACE:مدير مبيعات,hospitality,حجوزات الشركات بلا متابعة نظامية,email_warm,B,ten_lead_audit,not_contacted,مسودة email warm,,medium,فنادق/ضيافة B2B
مدينة المعارض,REPLACE:مدير تجاري,hospitality,إدارة معارض متعددة بلا CRM موحد,linkedin_manual,B,governed_diagnostic,not_contacted,طلب ديمو 10 دقائق,,medium,مركز معارض
شركة التقنية المتقدمة,REPLACE:CTO,saas,فريق المبيعات يستخدم Excel بدل CRM,linkedin_manual,B,governed_diagnostic,not_contacted,تعليق LinkedIn ثم DM,,high,SaaS سعودي ناشئ
منصة التعلم الذكي,REPLACE:مدير نمو,saas,تسعير Enterprise بلا حوكمة,email_warm,D,executive_diagnostic,not_contacted,بريد لـ CEO,,medium,SaaS تعليم
حلول المستقبل,REPLACE:مدير مبيعات,b2b_services,عروض أسعار معقدة تأخذ أيام,email_warm,B,governed_diagnostic,not_contacted,مسودة email warm,,medium,خدمات B2B
الاستشارات الرقمية,REPLACE:شريك,consulting_firm,عملاء يطلبون أتمتة Sales Ops,email_warm,A,agency_proof_pack,not_contacted,Partner one-pager,,high,استشارات
نبراس للاستشارات,REPLACE:مدير مشاريع,consulting_firm,تسليم المشاريع بلا evidence مركزي,linkedin_manual,A,ten_lead_audit,not_contacted,مسودة LinkedIn warm,,medium,استشارات إدارية
المورد الذكي,REPLACE:مدير مبيعات,direct_b2b,طلبات الشراء متناثرة عبر WhatsApp,email_warm,B,ten_lead_audit,not_contacted,مسودة email warm,,high,B2B توزيع
التجارة السريعة,REPLACE:مدير عمليات,direct_b2b,مخزون + مبيعات بلا نظام موحد,phone_task,B,governed_diagnostic,not_contacted,مكالمة 5 دقائق,,medium,تجارة بالجملة
صيدلية المجتمع,REPLACE:مدير تشغيل,healthcare,طلبات جملة وتواصل مع الموردين بلا CRM,email_warm,B,ten_lead_audit,not_contacted,مسودة email warm,,medium,سلسلة صيدليات
عيادات الصحة الأولى,REPLACE:مدير علاقات مرضى,healthcare,مواعيد ومتابعات بلا نظام,linkedin_manual,B,ten_lead_audit,not_contacted,مسودة LinkedIn warm,,medium,عيادات
النقل الذكي,REPLACE:مدير عمليات,logistics,طلبات التوصيل بلا tracker موحد,email_warm,B,governed_diagnostic,not_contacted,مسودة email warm,,medium,خدمات لوجستية
الشحن السريع,REPLACE:مدير مبيعات,logistics,عقود B2B بلا renewal reminder,phone_task,B,ten_lead_audit,not_contacted,مكالمة استكشافية,,medium,شركة شحن
التمويل الرقمي,REPLACE:مدير نمو,fintech,إدارة فرص Enterprise بلا نظام,linkedin_manual,D,executive_diagnostic,not_contacted,بريد لـ CEO,,high,fintech سعودي
محفظتي,REPLACE:مدير منتج,fintech,onboarding الشركات يحتاج أتمتة,email_warm,D,executive_diagnostic,not_contacted,مسودة email warm,,medium,fintech
سوق المزارعين,REPLACE:مدير مبيعات,ecommerce_b2b,طلبات B2B متنوعة بلا نظام,email_warm,B,ten_lead_audit,not_contacted,مسودة email warm,,medium,ecommerce B2B
متجر الجملة,REPLACE:مدير عمليات,ecommerce_b2b,إدارة حسابات تجار الجملة يدوياً,linkedin_manual,B,governed_diagnostic,not_contacted,مسودة LinkedIn warm,,medium,ecommerce
الاتصالات المتكاملة,REPLACE:مدير حسابات,telecom,حسابات Enterprise بلا QBR منظم,email_warm,D,executive_diagnostic,not_contacted,بريد لـ CEO,,medium,اتصالات B2B
الحلول الأمنية,REPLACE:مدير مبيعات,cybersecurity,عقود صيانة سنوية بلا renewal tracker,email_warm,B,governed_diagnostic,not_contacted,مسودة email warm,,high,أمن سيبراني
السحابة الوطنية,REPLACE:مدير شريك,cloud_partner,شركاء يحتاجون تفعيل نظامي,partner_intro,C,diagnostic_layer,not_contacted,Partner one-pager,,high,شريك تقني
مختبرات الابتكار,REPLACE:مدير مشاريع,rd_partner,تتبع مشاريع R&D بلا نظام,email_warm,A,ten_lead_audit,not_contacted,مسودة email warm,,medium,شركة R&D
الطاقة المتجددة,REPLACE:مدير مبيعات,energy,عروض أسعار لمشاريع طويلة بلا نظام,linkedin_manual,B,governed_diagnostic,not_contacted,مسودة LinkedIn warm,,medium,طاقة
المقاولات الحديثة,REPLACE:مدير مشاريع,construction,مشاريع فرعية بلا SOPs موحدة,email_warm,B,governed_diagnostic,not_contacted,مسودة email warm,,medium,مقاولات
الغذاء الصحي,REPLACE:مدير مبيعات,food_beverage,توزيع منتجات B2B بلا نظام,phone_task,B,ten_lead_audit,not_contacted,مكالمة 5 دقائق,,medium,F&B B2B
مصانع المستقبل,REPLACE:مدير عمليات,manufacturing,طلبات الإنتاج والمبيعات بلا ERP خفيف,email_warm,B,governed_diagnostic,not_contacted,مسودة email warm,,medium,تصنيع
السياحة العربية,REPLACE:مدير شراكات,travel,عقود شركات ومجموعات بلا CRM,email_warm,B,ten_lead_audit,not_contacted,مسودة email warm,,medium,سياحة B2B
التعليم المهني,REPLACE:مدير قبول وتسجيل,education,متابعة المتقدمين والشركات بلا نظام,linkedin_manual,B,ten_lead_audit,not_contacted,مسودة LinkedIn warm,,medium,تعليم مهني
الموارد البشرية الذكية,REPLACE:مدير مبيعات,hr_tech,إدارة حسابات الشركات بلا نظام,email_warm,B,governed_diagnostic,not_contacted,مسودة email warm,,medium,HR tech
منصة التوظيف,REPLACE:مدير نمو,hr_tech,Enterprise contracts بلا renewal system,linkedin_manual,B,ten_lead_audit,not_contacted,مسودة LinkedIn warm,,medium,توظيف
العقار الرقمي,REPLACE:مدير منتج,proptech,Leads من منصات متعددة بلا نظام,email_warm,B,ten_lead_audit,not_contacted,مسودة email warm,,medium,proptech
المزادات العقارية,REPLACE:مدير مبيعات,proptech,مزادات B2B بلا نظام مركزي,phone_task,B,governed_diagnostic,not_contacted,مكالمة استكشافية,,medium,مزادات
الإعلام الرقمي,REPLACE:مدير حسابات,media,حملات عملاء بلا reporting مركزي,email_warm,A,agency_proof_pack,not_contacted,مسودة email warm,,medium,إعلام رقمي
الرياضة الإلكترونية,REPLACE:مدير شراكات,esports,رعايات B2B بلا نظام,linkedin_manual,B,ten_lead_audit,not_contacted,مسودة LinkedIn warm,,medium,esports
الصحة الرقمية,REPLACE:مدير نمو,healthtech,إدارة leads B2B بلا CRM,email_warm,B,ten_lead_audit,not_contacted,مسودة email warm,,medium,healthtech
المدن الذكية,REPLACE:مدير مشاريع,govtech,مشاريع حكومية بلا SOPs واضحة,email_warm,D,executive_diagnostic,not_contacted,بريد لـ CEO,,high,govtech
الشراكات الاستراتيجية,REPLACE:مدير شراكات,enterprise_partner,شراكات كبرى تحتاج نظام إدارة,partner_intro,A,partner_sprint,not_contacted,Partner one-pager,,high,شريك استراتيجي
هدف استراتيجي 55,مدير حسابات 55,agency_partner,co-sell عميل واحد,phone_task,A,partner_sprint,not_contacted,مسودة — موافقة قبل الإرسال,,medium,seed strategic slot 55
هدف استراتيجي 56,مدير حسابات 56,marketing_agency,ضغط inbound,linkedin_manual,A,ten_lead_audit,message_drafted,مسودة — موافقة قبل الإرسال,,low,seed strategic slot 56
هدف استراتيجي 57,مدير حسابات 57,executive_governance,مخاطر توسع AI,partner_intro,D,executive_diagnostic,sent_manual,مسودة — موافقة قبل الإرسال,,high,seed strategic slot 57
هدف استراتيجي 58,مدير حسابات 58,fintech,leads مالية بلا تسليم Proof,email_warm,B,governed_diagnostic,replied,مسودة — موافقة قبل الإرسال,,medium,seed strategic slot 58
هدف استراتيجي 59,مدير حسابات 59,healthcare,متابعة مريض/عميل بلا owner,phone_task,B,ten_lead_audit,meeting_booked,مسودة — موافقة قبل الإرسال,,low,seed strategic slot 59
هدف استراتيجي 60,مدير حسابات 60,retail,حملات موسمية بلا إغلاق,inbound,A,agency_proof_pack,not_contacted,مسودة — موافقة قبل الإرسال,,high,seed strategic slot 60
هدف استراتيجي 61,مدير حسابات 61,education,تسجيل inbound بلا متابعة,inbound,B,ten_lead_audit,message_drafted,مسودة — موافقة قبل الإرسال,,medium,seed strategic slot 61
هدف استراتيجي 62,مدير حسابات 62,logistics,عروض B2B بلا evidence,email_warm,C,diagnostic_layer,sent_manual,مسودة — موافقة قبل الإرسال,,low,seed strategic slot 62
هدف استراتيجي 63,مدير حسابات 63,media_buying,تقارير media بلا post-lead ops,linkedin_manual,A,ten_lead_audit,replied,مسودة — موافقة قبل الإرسال,,high,seed strategic slot 63
هدف استراتيجي 64,مدير حسابات 64,ecommerce,سلة متروكة بلا قرار إيراد,email_warm,B,governed_diagnostic,meeting_booked,مسودة — موافقة قبل الإرسال,,medium,seed strategic slot 64
هدف استراتيجي 65,مدير حسابات 65,government_vendor,مناقصات بلا owner متابعة,phone_task,D,executive_diagnostic,not_contacted,مسودة — موافقة قبل الإرسال,,low,seed strategic slot 65
هدف استراتيجي 66,مدير حسابات 66,insurance,وثائق leads بلا إغلاق,email_warm,B,ten_lead_audit,message_drafted,مسودة — موافقة قبل الإرسال,,high,seed strategic slot 66
هدف استراتيجي 67,مدير حسابات 67,telecom_b2b,حسابات enterprise بلا proof,linkedin_manual,D,executive_diagnostic,sent_manual,مسودة — موافقة قبل الإرسال,,medium,seed strategic slot 67
هدف استراتيجي 68,مدير حسابات 68,construction,عروض مشاريع بلا متابعة,phone_task,B,governed_diagnostic,replied,مسودة — موافقة قبل الإرسال,,low,seed strategic slot 68
هدف استراتيجي 69,مدير حسابات 69,automotive_dealer,استفسارات showrooms,inbound,B,ten_lead_audit,meeting_booked,مسودة — موافقة قبل الإرسال,,high,seed strategic slot 69
هدف استراتيجي 70,مدير حسابات 70,agency_wedge,العميل يسأل عن ROI بعد الحملة,inbound,A,ten_lead_audit,not_contacted,مسودة — موافقة قبل الإرسال,,medium,seed strategic slot 70
هدف استراتيجي 71,مدير حسابات 71,agency_wedge,لا proof أسبوعي للعميل,email_warm,A,agency_proof_pack,message_drafted,مسودة — موافقة قبل الإرسال,,low,seed strategic slot 71
هدف استراتيجي 72,مدير حسابات 72,direct_b2b,متابعة أولى بطيئة,email_warm,B,governed_diagnostic,sent_manual,مسودة — موافقة قبل الإرسال,,high,seed strategic slot 72
هدف استراتيجي 73,مدير حسابات 73,saas,توسع AI بدون حوكمة,linkedin_manual,D,executive_diagnostic,replied,مسودة — موافقة قبل الإرسال,,medium,seed strategic slot 73
هدف استراتيجي 74,مدير حسابات 74,crm_partner,تنفيذ CRM قبل التشخيص,email_warm,C,diagnostic_layer,meeting_booked,مسودة — موافقة قبل الإرسال,,low,seed strategic slot 74
هدف استراتيجي 75,مدير حسابات 75,consulting_firm,عملاء يطلبون أتمتة بلا أدلة,phone_task,A,agency_proof_pack,not_contacted,مسودة — موافقة قبل الإرسال,,high,seed strategic slot 75
هدف استراتيجي 76,مدير حسابات 76,hospitality,استفسارات MICE بلا owner,phone_task,B,ten_lead_audit,message_drafted,مسودة — موافقة قبل الإرسال,,medium,seed strategic slot 76
هدف استراتيجي 77,مدير حسابات 77,real_estate_developer,جودة leads inbound,email_warm,B,ten_lead_audit,sent_manual,مسودة — موافقة قبل الإرسال,,low,seed strategic slot 77
هدف استراتيجي 78,مدير حسابات 78,agency_partner,co-sell عميل واحد,partner_intro,A,partner_sprint,replied,مسودة — موافقة قبل الإرسال,,high,seed strategic slot 78
هدف استراتيجي 79,مدير حسابات 79,marketing_agency,ضغط inbound,linkedin_manual,A,ten_lead_audit,meeting_booked,مسودة — موافقة قبل الإرسال,,medium,seed strategic slot 79
هدف استراتيجي 80,مدير حسابات 80,executive_governance,مخاطر توسع AI,inbound,D,executive_diagnostic,not_contacted,مسودة — موافقة قبل الإرسال,,low,seed strategic slot 80
هدف استراتيجي 81,مدير حسابات 81,fintech,leads مالية بلا تسليم Proof,email_warm,B,governed_diagnostic,message_drafted,مسودة — موافقة قبل الإرسال,,high,seed strategic slot 81
هدف استراتيجي 82,مدير حسابات 82,healthcare,متابعة مريض/عميل بلا owner,phone_task,B,ten_lead_audit,sent_manual,مسودة — موافقة قبل الإرسال,,medium,seed strategic slot 82
هدف استراتيجي 83,مدير حسابات 83,retail,حملات موسمية بلا إغلاق,linkedin_manual,A,agency_proof_pack,replied,مسودة — موافقة قبل الإرسال,,low,seed strategic slot 83
هدف استراتيجي 84,مدير حسابات 84,education,تسجيل inbound بلا متابعة,inbound,B,ten_lead_audit,meeting_booked,مسودة — موافقة قبل الإرسال,,high,seed strategic slot 84
هدف استراتيجي 85,مدير حسابات 85,logistics,عروض B2B بلا evidence,phone_task,C,diagnostic_layer,not_contacted,مسودة — موافقة قبل الإرسال,,medium,seed strategic slot 85
هدف استراتيجي 86,مدير حسابات 86,media_buying,تقارير media بلا post-lead ops,linkedin_manual,A,ten_lead_audit,message_drafted,مسودة — موافقة قبل الإرسال,,low,seed strategic slot 86
هدف استراتيجي 87,مدير حسابات 87,ecommerce,سلة متروكة بلا قرار إيراد,email_warm,B,governed_diagnostic,sent_manual,مسودة — موافقة قبل الإرسال,,high,seed strategic slot 87
هدف استراتيجي 88,مدير حسابات 88,government_vendor,مناقصات بلا owner متابعة,partner_intro,D,executive_diagnostic,replied,مسودة — موافقة قبل الإرسال,,medium,seed strategic slot 88
هدف استراتيجي 89,مدير حسابات 89,insurance,وثائق leads بلا إغلاق,email_warm,B,ten_lead_audit,meeting_booked,مسودة — موافقة قبل الإرسال,,low,seed strategic slot 89
هدف استراتيجي 90,مدير حسابات 90,telecom_b2b,حسابات enterprise بلا proof,inbound,D,executive_diagnostic,not_contacted,مسودة — موافقة قبل الإرسال,,high,seed strategic slot 90
هدف استراتيجي 91,مدير حسابات 91,construction,عروض مشاريع بلا متابعة,phone_task,B,governed_diagnostic,message_drafted,مسودة — موافقة قبل الإرسال,,medium,seed strategic slot 91
هدف استراتيجي 92,مدير حسابات 92,automotive_dealer,استفسارات showrooms,inbound,B,ten_lead_audit,sent_manual,مسودة — موافقة قبل الإرسال,,low,seed strategic slot 92
هدف استراتيجي 93,مدير حسابات 93,agency_wedge,العميل يسأل عن ROI بعد الحملة,linkedin_manual,A,ten_lead_audit,replied,مسودة — موافقة قبل الإرسال,,high,seed strategic slot 93
هدف استراتيجي 94,مدير حسابات 94,agency_wedge,لا proof أسبوعي للعميل,email_warm,A,agency_proof_pack,meeting_booked,مسودة — موافقة قبل الإرسال,,medium,seed strategic slot 94
هدف استراتيجي 95,مدير حسابات 95,direct_b2b,متابعة أولى بطيئة,phone_task,B,governed_diagnostic,not_contacted,مسودة — موافقة قبل الإرسال,,low,seed strategic slot 95
هدف استراتيجي 96,مدير حسابات 96,saas,توسع AI بدون حوكمة,linkedin_manual,D,executive_diagnostic,message_drafted,مسودة — موافقة قبل الإرسال,,high,seed strategic slot 96
هدف استراتيجي 97,مدير حسابات 97,crm_partner,تنفيذ CRM قبل التشخيص,email_warm,C,diagnostic_layer,sent_manual,مسودة — موافقة قبل الإرسال,,medium,seed strategic slot 97
هدف استراتيجي 98,مدير حسابات 98,consulting_firm,عملاء يطلبون أتمتة بلا أدلة,email_warm,A,agency_proof_pack,replied,مسودة — موافقة قبل الإرسال,,low,seed strategic slot 98
هدف استراتيجي 99,مدير حسابات 99,hospitality,استفسارات MICE بلا owner,phone_task,B,ten_lead_audit,meeting_booked,مسودة — موافقة قبل الإرسال,,high,seed strategic slot 99
هدف استراتيجي 100,مدير حسابات 100,real_estate_developer,جودة leads inbound,inbound,B,ten_lead_audit,not_contacted,مسودة — موافقة قبل الإرسال,,medium,seed strategic slot 100
هدف استراتيجي 101,مدير حسابات 101,agency_partner,co-sell عميل واحد,partner_intro,A,partner_sprint,message_drafted,مسودة — موافقة قبل الإرسال,,low,seed strategic slot 101
هدف استراتيجي 102,مدير حسابات 102,marketing_agency,ضغط inbound,linkedin_manual,A,ten_lead_audit,sent_manual,مسودة — موافقة قبل الإرسال,,high,seed strategic slot 102
هدف استراتيجي 103,مدير حسابات 103,executive_governance,مخاطر توسع AI,partner_intro,D,executive_diagnostic,replied,مسودة — موافقة قبل الإرسال,,medium,seed strategic slot 103
هدف استراتيجي 104,مدير حسابات 104,fintech,leads مالية بلا تسليم Proof,email_warm,B,governed_diagnostic,meeting_booked,مسودة — موافقة قبل الإرسال,,low,seed strategic slot 104
هدف استراتيجي 105,مدير حسابات 105,healthcare,متابعة مريض/عميل بلا owner,phone_task,B,ten_lead_audit,not_contacted,مسودة — موافقة قبل الإرسال,,high,seed strategic slot 105
هدف استراتيجي 106,مدير حسابات 106,retail,حملات موسمية بلا إغلاق,linkedin_manual,A,agency_proof_pack,message_drafted,مسودة — موافقة قبل الإرسال,,medium,seed strategic slot 106
هدف استراتيجي 107,مدير حسابات 107,education,تسجيل inbound بلا متابعة,inbound,B,ten_lead_audit,sent_manual,مسودة — موافقة قبل الإرسال,,low,seed strategic slot 107
هدف استراتيجي 108,مدير حسابات 108,logistics,عروض B2B بلا evidence,email_warm,C,diagnostic_layer,replied,مسودة — موافقة قبل الإرسال,,high,seed strategic slot 108
هدف استراتيجي 109,مدير حسابات 109,media_buying,تقارير media بلا post-lead ops,linkedin_manual,A,ten_lead_audit,meeting_booked,مسودة — موافقة قبل الإرسال,,medium,seed strategic slot 109
هدف استراتيجي 110,مدير حسابات 110,ecommerce,سلة متروكة بلا قرار إيراد,inbound,B,governed_diagnostic,not_contacted,مسودة — موافقة قبل الإرسال,,low,seed strategic slot 110
هدف استراتيجي 111,مدير حسابات 111,government_vendor,مناقصات بلا owner متابعة,partner_intro,D,executive_diagnostic,message_drafted,مسودة — موافقة قبل الإرسال,,high,seed strategic slot 111
هدف استراتيجي 112,مدير حسابات 112,insurance,وثائق leads بلا إغلاق,email_warm,B,ten_lead_audit,sent_manual,مسودة — موافقة قبل الإرسال,,medium,seed strategic slot 112
هدف استراتيجي 113,مدير حسابات 113,telecom_b2b,حسابات enterprise بلا proof,linkedin_manual,D,executive_diagnostic,replied,مسودة — موافقة قبل الإرسال,,low,seed strategic slot 113
هدف استراتيجي 114,مدير حسابات 114,construction,عروض مشاريع بلا متابعة,phone_task,B,governed_diagnostic,meeting_booked,مسودة — موافقة قبل الإرسال,,high,seed strategic slot 114
هدف استراتيجي 115,مدير حسابات 115,automotive_dealer,استفسارات showrooms,phone_task,B,ten_lead_audit,not_contacted,مسودة — موافقة قبل الإرسال,,medium,seed strategic slot 115
هدف استراتيجي 116,مدير حسابات 116,agency_wedge,العميل يسأل عن ROI بعد الحملة,linkedin_manual,A,ten_lead_audit,message_drafted,مسودة — موافقة قبل الإرسال,,low,seed strategic slot 116
هدف استراتيجي 117,مدير حسابات 117,agency_wedge,لا proof أسبوعي للعميل,email_warm,A,agency_proof_pack,sent_manual,مسودة — موافقة قبل الإرسال,,high,seed strategic slot 117
هدف استراتيجي 118,مدير حسابات 118,direct_b2b,متابعة أولى بطيئة,email_warm,B,governed_diagnostic,replied,مسودة — موافقة قبل الإرسال,,medium,seed strategic slot 118
هدف استراتيجي 119,مدير حسابات 119,saas,توسع AI بدون حوكمة,linkedin_manual,D,executive_diagnostic,meeting_booked,مسودة — موافقة قبل الإرسال,,low,seed strategic slot 119
هدف استراتيجي 120,مدير حسابات 120,crm_partner,تنفيذ CRM قبل التشخيص,inbound,C,diagnostic_layer,not_contacted,مسودة — موافقة قبل الإرسال,,high,seed strategic slot 120
هدف استراتيجي 121,مدير حسابات 121,consulting_firm,عملاء يطلبون أتمتة بلا أدلة,email_warm,A,agency_proof_pack,message_drafted,مسودة — موافقة قبل الإرسال,,medium,seed strategic slot 121
هدف استراتيجي 122,مدير حسابات 122,hospitality,استفسارات MICE بلا owner,phone_task,B,ten_lead_audit,sent_manual,مسودة — موافقة قبل الإرسال,,low,seed strategic slot 122
هدف استراتيجي 123,مدير حسابات 123,real_estate_developer,جودة leads inbound,email_warm,B,ten_lead_audit,replied,مسودة — موافقة قبل الإرسال,,high,seed strategic slot 123
هدف استراتيجي 124,مدير حسابات 124,agency_partner,co-sell عميل واحد,partner_intro,A,partner_sprint,meeting_booked,مسودة — موافقة قبل الإرسال,,medium,seed strategic slot 124
هدف استراتيجي 125,مدير حسابات 125,marketing_agency,ضغط inbound,phone_task,A,ten_lead_audit,not_contacted,مسودة — موافقة قبل الإرسال,,low,seed strategic slot 125
هدف استراتيجي 126,مدير حسابات 126,executive_governance,مخاطر توسع AI,partner_intro,D,executive_diagnostic,message_drafted,مسودة — موافقة قبل الإرسال,,high,seed strategic slot 126
هدف استراتيجي 127,مدير حسابات 127,fintech,leads مالية بلا تسليم Proof,email_warm,B,governed_diagnostic,sent_manual,مسودة — موافقة قبل الإرسال,,medium,seed strategic slot 127
هدف استراتيجي 128,مدير حسابات 128,healthcare,متابعة مريض/عميل بلا owner,phone_task,B,ten_lead_audit,replied,مسودة — موافقة قبل الإرسال,,low,seed strategic slot 128
هدف استراتيجي 129,مدير حسابات 129,retail,حملات موسمية بلا إغلاق,linkedin_manual,A,agency_proof_pack,meeting_booked,مسودة — موافقة قبل الإرسال,,high,seed strategic slot 129
هدف استراتيجي 130,مدير حسابات 130,education,تسجيل inbound بلا متابعة,inbound,B,ten_lead_audit,not_contacted,مسودة — موافقة قبل الإرسال,,medium,seed strategic slot 130
هدف استراتيجي 131,مدير حسابات 131,logistics,عروض B2B بلا evidence,email_warm,C,diagnostic_layer,message_drafted,مسودة — موافقة قبل الإرسال,,low,seed strategic slot 131
هدف استراتيجي 132,مدير حسابات 132,media_buying,تقارير media بلا post-lead ops,linkedin_manual,A,ten_lead_audit,sent_manual,مسودة — موافقة قبل الإرسال,,high,seed strategic slot 132
هدف استراتيجي 133,مدير حسابات 133,ecommerce,سلة متروكة بلا قرار إيراد,email_warm,B,governed_diagnostic,replied,مسودة — موافقة قبل الإرسال,,medium,seed strategic slot 133
هدف استراتيجي 134,مدير حسابات 134,government_vendor,مناقصات بلا owner متابعة,partner_intro,D,executive_diagnostic,meeting_booked,مسودة — موافقة قبل الإرسال,,low,seed strategic slot 134
هدف استراتيجي 135,مدير حسابات 135,insurance,وثائق leads بلا إغلاق,phone_task,B,ten_lead_audit,not_contacted,مسودة — موافقة قبل الإرسال,,high,seed strategic slot 135
هدف استراتيجي 136,مدير حسابات 136,telecom_b2b,حسابات enterprise بلا proof,linkedin_manual,D,executive_diagnostic,message_drafted,مسودة — موافقة قبل الإرسال,,medium,seed strategic slot 136
هدف استراتيجي 137,مدير حسابات 137,construction,عروض مشاريع بلا متابعة,phone_task,B,governed_diagnostic,sent_manual,مسودة — موافقة قبل الإرسال,,low,seed strategic slot 137
هدف استراتيجي 138,مدير حسابات 138,automotive_dealer,استفسارات showrooms,inbound,B,ten_lead_audit,replied,مسودة — موافقة قبل الإرسال,,high,seed strategic slot 138
هدف استراتيجي 139,مدير حسابات 139,agency_wedge,العميل يسأل عن ROI بعد الحملة,linkedin_manual,A,ten_lead_audit,meeting_booked,مسودة — موافقة قبل الإرسال,,medium,seed strategic slot 139
هدف استراتيجي 140,مدير حسابات 140,agency_wedge,لا proof أسبوعي للعميل,inbound,A,agency_proof_pack,not_contacted,مسودة — موافقة قبل الإرسال,,low,seed strategic slot 140
هدف استراتيجي 141,مدير حسابات 141,direct_b2b,متابعة أولى بطيئة,email_warm,B,governed_diagnostic,message_drafted,مسودة — موافقة قبل الإرسال,,high,seed strategic slot 141
هدف استراتيجي 142,مدير حسابات 142,saas,توسع AI بدون حوكمة,linkedin_manual,D,executive_diagnostic,sent_manual,مسودة — موافقة قبل الإرسال,,medium,seed strategic slot 142
هدف استراتيجي 143,مدير حسابات 143,crm_partner,تنفيذ CRM قبل التشخيص,email_warm,C,diagnostic_layer,replied,مسودة — موافقة قبل الإرسال,,low,seed strategic slot 143
هدف استراتيجي 144,مدير حسابات 144,consulting_firm,عملاء يطلبون أتمتة بلا أدلة,email_warm,A,agency_proof_pack,meeting_booked,مسودة — موافقة قبل الإرسال,,high,seed strategic slot 144
هدف استراتيجي 145,مدير حسابات 145,hospitality,استفسارات MICE بلا owner,phone_task,B,ten_lead_audit,not_contacted,مسودة — موافقة قبل الإرسال,,medium,seed strategic slot 145
هدف استراتيجي 146,مدير حسابات 146,real_estate_developer,جودة leads inbound,email_warm,B,ten_lead_audit,message_drafted,مسودة — موافقة قبل الإرسال,,low,seed strategic slot 146
هدف استراتيجي 147,مدير حسابات 147,agency_partner,co-sell عميل واحد,partner_intro,A,partner_sprint,sent_manual,مسودة — موافقة قبل الإرسال,,high,seed strategic slot 147
هدف استراتيجي 148,مدير حسابات 148,marketing_agency,ضغط inbound,linkedin_manual,A,ten_lead_audit,replied,مسودة — موافقة قبل الإرسال,,medium,seed strategic slot 148
هدف استراتيجي 149,مدير حسابات 149,executive_governance,مخاطر توسع AI,partner_intro,D,executive_diagnostic,meeting_booked,مسودة — موافقة قبل الإرسال,,low,seed strategic slot 149
هدف استراتيجي 150,مدير حسابات 150,fintech,leads مالية بلا تسليم Proof,inbound,B,governed_diagnostic,not_contacted,مسودة — موافقة قبل الإرسال,,high,seed strategic slot 150
هدف استراتيجي 151,مدير حسابات 151,healthcare,متابعة مريض/عميل بلا owner,phone_task,B,ten_lead_audit,message_drafted,مسودة — موافقة قبل الإرسال,,medium,seed strategic slot 151
هدف استراتيجي 152,مدير حسابات 152,retail,حملات موسمية بلا إغلاق,linkedin_manual,A,agency_proof_pack,sent_manual,مسودة — موافقة قبل الإرسال,,low,seed strategic slot 152
هدف استراتيجي 153,مدير حسابات 153,education,تسجيل inbound بلا متابعة,inbound,B,ten_lead_audit,replied,مسودة — موافقة قبل الإرسال,,high,seed strategic slot 153
هدف استراتيجي 154,مدير حسابات 154,logistics,عروض B2B بلا evidence,email_warm,C,diagnostic_layer,meeting_booked,مسودة — موافقة قبل الإرسال,,medium,seed strategic slot 154
هدف استراتيجي 155,مدير حسابات 155,media_buying,تقارير media بلا post-lead ops,phone_task,A,ten_lead_audit,not_contacted,مسودة — موافقة قبل الإرسال,,low,seed strategic slot 155
هدف استراتيجي 156,مدير حسابات 156,ecommerce,سلة متروكة بلا قرار إيراد,email_warm,B,governed_diagnostic,message_drafted,مسودة — موافقة قبل الإرسال,,high,seed strategic slot 156
هدف استراتيجي 157,مدير حسابات 157,government_vendor,مناقصات بلا owner متابعة,partner_intro,D,executive_diagnostic,sent_manual,مسودة — موافقة قبل الإرسال,,medium,seed strategic slot 157
هدف استراتيجي 158,مدير حسابات 158,insurance,وثائق leads بلا إغلاق,email_warm,B,ten_lead_audit,replied,مسودة — موافقة قبل الإرسال,,low,seed strategic slot 158
هدف استراتيجي 159,مدير حسابات 159,telecom_b2b,حسابات enterprise بلا proof,linkedin_manual,D,executive_diagnostic,meeting_booked,مسودة — موافقة قبل الإرسال,,high,seed strategic slot 159
هدف استراتيجي 160,مدير حسابات 160,construction,عروض مشاريع بلا متابعة,inbound,B,governed_diagnostic,not_contacted,مسودة — موافقة قبل الإرسال,,medium,seed strategic slot 160
هدف استراتيجي 161,مدير حسابات 161,automotive_dealer,استفسارات showrooms,inbound,B,ten_lead_audit,message_drafted,مسودة — موافقة قبل الإرسال,,low,seed strategic slot 161
هدف استراتيجي 162,مدير حسابات 162,agency_wedge,العميل يسأل عن ROI بعد الحملة,linkedin_manual,A,ten_lead_audit,sent_manual,مسودة — موافقة قبل الإرسال,,high,seed strategic slot 162
هدف استراتيجي 163,مدير حسابات 163,agency_wedge,لا proof أسبوعي للعميل,email_warm,A,agency_proof_pack,replied,مسودة — موافقة قبل الإرسال,,medium,seed strategic slot 163
هدف استراتيجي 164,مدير حسابات 164,direct_b2b,متابعة أولى بطيئة,email_warm,B,governed_diagnostic,meeting_booked,مسودة — موافقة قبل الإرسال,,low,seed strategic slot 164
هدف استراتيجي 165,مدير حسابات 165,saas,توسع AI بدون حوكمة,phone_task,D,executive_diagnostic,not_contacted,مسودة — موافقة قبل الإرسال,,high,seed strategic slot 165
هدف استراتيجي 166,مدير حسابات 166,crm_partner,تنفيذ CRM قبل التشخيص,email_warm,C,diagnostic_layer,message_drafted,مسودة — موافقة قبل الإرسال,,medium,seed strategic slot 166
هدف استراتيجي 167,مدير حسابات 167,consulting_firm,عملاء يطلبون أتمتة بلا أدلة,email_warm,A,agency_proof_pack,sent_manual,مسودة — موافقة قبل الإرسال,,low,seed strategic slot 167
هدف استراتيجي 168,مدير حسابات 168,hospitality,استفسارات MICE بلا owner,phone_task,B,ten_lead_audit,replied,مسودة — موافقة قبل الإرسال,,high,seed strategic slot 168
هدف استراتيجي 169,مدير حسابات 169,real_estate_developer,جودة leads inbound,email_warm,B,ten_lead_audit,meeting_booked,مسودة — موافقة قبل الإرسال,,medium,seed strategic slot 169
هدف استراتيجي 170,مدير حسابات 170,agency_partner,co-sell عميل واحد,inbound,A,partner_sprint,not_contacted,مسودة — موافقة قبل الإرسال,,low,seed strategic slot 170
هدف استراتيجي 171,مدير حسابات 171,marketing_agency,ضغط inbound,linkedin_manual,A,ten_lead_audit,message_drafted,مسودة — موافقة قبل الإرسال,,high,seed strategic slot 171
هدف استراتيجي 172,مدير حسابات 172,executive_governance,مخاطر توسع AI,partner_intro,D,executive_diagnostic,sent_manual,مسودة — موافقة قبل الإرسال,,medium,seed strategic slot 172
هدف استراتيجي 173,مدير حسابات 173,fintech,leads مالية بلا تسليم Proof,email_warm,B,governed_diagnostic,replied,مسودة — موافقة قبل الإرسال,,low,seed strategic slot 173
هدف استراتيجي 174,مدير حسابات 174,healthcare,متابعة مريض/عميل بلا owner,phone_task,B,ten_lead_audit,meeting_booked,مسودة — موافقة قبل الإرسال,,high,seed strategic slot 174
هدف استراتيجي 175,مدير حسابات 175,retail,حملات موسمية بلا إغلاق,phone_task,A,agency_proof_pack,not_contacted,مسودة — موافقة قبل الإرسال,,medium,seed strategic slot 175
هدف استراتيجي 176,مدير حسابات 176,education,تسجيل inbound بلا متابعة,inbound,B,ten_lead_audit,message_drafted,مسودة — موافقة قبل الإرسال,,low,seed strategic slot 176
هدف استراتيجي 177,مدير حسابات 177,logistics,عروض B2B بلا evidence,email_warm,C,diagnostic_layer,sent_manual,مسودة — موافقة قبل الإرسال,,high,seed strategic slot 177
هدف استراتيجي 178,مدير حسابات 178,media_buying,تقارير media بلا post-lead ops,linkedin_manual,A,ten_lead_audit,replied,مسودة — موافقة قبل الإرسال,,medium,seed strategic slot 178
هدف استراتيجي 179,مدير حسابات 179,ecommerce,سلة متروكة بلا قرار إيراد,email_warm,B,governed_diagnostic,meeting_booked,مسودة — موافقة قبل الإرسال,,low,seed strategic slot 179
هدف استراتيجي 180,مدير حسابات 180,government_vendor,مناقصات بلا owner متابعة,inbound,D,executive_diagnostic,not_contacted,مسودة — موافقة قبل الإرسال,,high,seed strategic slot 180
هدف استراتيجي 181,مدير حسابات 181,insurance,وثائق leads بلا إغلاق,email_warm,B,ten_lead_audit,message_drafted,مسودة — موافقة قبل الإرسال,,medium,seed strategic slot 181
هدف استراتيجي 182,مدير حسابات 182,telecom_b2b,حسابات enterprise بلا proof,linkedin_manual,D,executive_diagnostic,sent_manual,مسودة — موافقة قبل الإرسال,,low,seed strategic slot 182
هدف استراتيجي 183,مدير حسابات 183,construction,عروض مشاريع بلا متابعة,phone_task,B,governed_diagnostic,replied,مسودة — موافقة قبل الإرسال,,high,seed strategic slot 183
هدف استراتيجي 184,مدير حسابات 184,automotive_dealer,استفسارات showrooms,inbound,B,ten_lead_audit,meeting_booked,مسودة — موافقة قبل الإرسال,,medium,seed strategic slot 184
هدف استراتيجي 185,مدير حسابات 185,agency_wedge,العميل يسأل عن ROI بعد الحملة,phone_task,A,ten_lead_audit,not_contacted,مسودة — موافقة قبل الإرسال,,low,seed strategic slot 185
هدف استراتيجي 186,مدير حسابات 186,agency_wedge,لا proof أسبوعي للعميل,email_warm,A,agency_proof_pack,message_drafted,مسودة — موافقة قبل الإرسال,,high,seed strategic slot 186
هدف استراتيجي 187,مدير حسابات 187,direct_b2b,متابعة أولى بطيئة,email_warm,B,governed_diagnostic,sent_manual,مسودة — موافقة قبل الإرسال,,medium,seed strategic slot 187
هدف استراتيجي 188,مدير حسابات 188,saas,توسع AI بدون حوكمة,linkedin_manual,D,executive_diagnostic,replied,مسودة — موافقة قبل الإرسال,,low,seed strategic slot 188
هدف استراتيجي 189,مدير حسابات 189,crm_partner,تنفيذ CRM قبل التشخيص,email_warm,C,diagnostic_layer,meeting_booked,مسودة — موافقة قبل الإرسال,,high,seed strategic slot 189
هدف استراتيجي 190,مدير حسابات 190,consulting_firm,عملاء يطلبون أتمتة بلا أدلة,inbound,A,agency_proof_pack,not_contacted,مسودة — موافقة قبل الإرسال,,medium,seed strategic slot 190
هدف استراتيجي 191,مدير حسابات 191,hospitality,استفسارات MICE بلا owner,phone_task,B,ten_lead_audit,message_drafted,مسودة — موافقة قبل الإرسال,,low,seed strategic slot 191
هدف استراتيجي 192,مدير حسابات 192,real_estate_developer,جودة leads inbound,email_warm,B,ten_lead_audit,sent_manual,مسودة — موافقة قبل الإرسال,,high,seed strategic slot 192
هدف استراتيجي 193,مدير حسابات 193,agency_partner,co-sell عميل واحد,partner_intro,A,partner_sprint,replied,مسودة — موافقة قبل الإرسال,,medium,seed strategic slot 193
هدف استراتيجي 194,مدير حسابات 194,marketing_agency,ضغط inbound,linkedin_manual,A,ten_lead_audit,meeting_booked,مسودة — موافقة قبل الإرسال,,low,seed strategic slot 194
هدف استراتيجي 195,مدير حسابات 195,executive_governance,مخاطر توسع AI,phone_task,D,executive_diagnostic,not_contacted,مسودة — موافقة قبل الإرسال,,high,seed strategic slot 195
هدف استراتيجي 196,مدير حسابات 196,fintech,leads مالية بلا تسليم Proof,email_warm,B,governed_diagnostic,message_drafted,مسودة — موافقة قبل الإرسال,,medium,seed strategic slot 196
هدف استراتيجي 197,مدير حسابات 197,healthcare,متابعة مريض/عميل بلا owner,phone_task,B,ten_lead_audit,sent_manual,مسودة — موافقة قبل الإرسال,,low,seed strategic slot 197
هدف استراتيجي 198,مدير حسابات 198,retail,حملات موسمية بلا إغلاق,linkedin_manual,A,agency_proof_pack,replied,مسودة — موافقة قبل الإرسال,,high,seed strategic slot 198
هدف استراتيجي 199,مدير حسابات 199,education,تسجيل inbound بلا متابعة,inbound,B,ten_lead_audit,meeting_booked,مسودة — موافقة قبل الإرسال,,medium,seed strategic slot 199
هدف استراتيجي 200,مدير حسابات 200,logistics,عروض B2B بلا evidence,inbound,C,diagnostic_layer,not_contacted,مسودة — موافقة قبل الإرسال,,low,seed strategic slot 200
هدف استراتيجي 201,مدير حسابات 201,media_buying,تقارير media بلا post-lead ops,linkedin_manual,A,ten_lead_audit,message_drafted,مسودة — موافقة قبل الإرسال,,high,seed strategic slot 201
هدف استراتيجي 202,مدير حسابات 202,ecommerce,سلة متروكة بلا قرار إيراد,email_warm,B,governed_diagnostic,sent_manual,مسودة — موافقة قبل الإرسال,,medium,seed strategic slot 202
هدف استراتيجي 203,مدير حسابات 203,government_vendor,مناقصات بلا owner متابعة,partner_intro,D,executive_diagnostic,replied,مسودة — موافقة قبل الإرسال,,low,seed strategic slot 203
هدف استراتيجي 204,مدير حسابات 204,insurance,وثائق leads بلا إغلاق,email_warm,B,ten_lead_audit,meeting_booked,مسودة — موافقة قبل الإرسال,,high,seed strategic slot 204
هدف استراتيجي 205,مدير حسابات 205,telecom_b2b,حسابات enterprise بلا proof,phone_task,D,executive_diagnostic,not_contacted,مسودة — موافقة قبل الإرسال,,medium,seed strategic slot 205
هدف استراتيجي 206,مدير حسابات 206,construction,عروض مشاريع بلا متابعة,phone_task,B,governed_diagnostic,message_drafted,مسودة — موافقة قبل الإرسال,,low,seed strategic slot 206
هدف استراتيجي 207,مدير حسابات 207,automotive_dealer,استفسارات showrooms,inbound,B,ten_lead_audit,sent_manual,مسودة — موافقة قبل الإرسال,,high,seed strategic slot 207
هدف استراتيجي 208,مدير حسابات 208,agency_wedge,العميل يسأل عن ROI بعد الحملة,linkedin_manual,A,ten_lead_audit,replied,مسودة — موافقة قبل الإرسال,,medium,seed strategic slot 208
هدف استراتيجي 209,مدير حسابات 209,agency_wedge,لا proof أسبوعي للعميل,email_warm,A,agency_proof_pack,meeting_booked,مسودة — موافقة قبل الإرسال,,low,seed strategic slot 209
هدف استراتيجي 210,مدير حسابات 210,direct_b2b,متابعة أولى بطيئة,inbound,B,governed_diagnostic,not_contacted,مسودة — موافقة قبل الإرسال,,high,seed strategic slot 210
هدف استراتيجي 211,مدير حسابات 211,saas,توسع AI بدون حوكمة,linkedin_manual,D,executive_diagnostic,message_drafted,مسودة — موافقة قبل الإرسال,,medium,seed strategic slot 211
هدف استراتيجي 212,مدير حسابات 212,crm_partner,تنفيذ CRM قبل التشخيص,email_warm,C,diagnostic_layer,sent_manual,مسودة — موافقة قبل الإرسال,,low,seed strategic slot 212
هدف استراتيجي 213,مدير حسابات 213,consulting_firm,عملاء يطلبون أتمتة بلا أدلة,email_warm,A,agency_proof_pack,replied,مسودة — موافقة قبل الإرسال,,high,seed strategic slot 213
هدف استراتيجي 214,مدير حسابات 214,hospitality,استفسارات MICE بلا owner,phone_task,B,ten_lead_audit,meeting_booked,مسودة — موافقة قبل الإرسال,,medium,seed strategic slot 214
هدف استراتيجي 215,مدير حسابات 215,real_estate_developer,جودة leads inbound,phone_task,B,ten_lead_audit,not_contacted,مسودة — موافقة قبل الإرسال,,low,seed strategic slot 215
هدف استراتيجي 216,مدير حسابات 216,agency_partner,co-sell عميل واحد,partner_intro,A,partner_sprint,message_drafted,مسودة — موافقة قبل الإرسال,,high,seed strategic slot 216
هدف استراتيجي 217,مدير حسابات 217,marketing_agency,ضغط inbound,linkedin_manual,A,ten_lead_audit,sent_manual,مسودة — موافقة قبل الإرسال,,medium,seed strategic slot 217
هدف استراتيجي 218,مدير حسابات 218,executive_governance,مخاطر توسع AI,partner_intro,D,executive_diagnostic,replied,مسودة — موافقة قبل الإرسال,,low,seed strategic slot 218
هدف استراتيجي 219,مدير حسابات 219,fintech,leads مالية بلا تسليم Proof,email_warm,B,governed_diagnostic,meeting_booked,مسودة — موافقة قبل الإرسال,,high,seed strategic slot 219
هدف استراتيجي 220,مدير حسابات 220,healthcare,متابعة مريض/عميل بلا owner,inbound,B,ten_lead_audit,not_contacted,مسودة — موافقة قبل الإرسال,,medium,seed strategic slot 220
هدف استراتيجي 221,مدير حسابات 221,retail,حملات موسمية بلا إغلاق,linkedin_manual,A,agency_proof_pack,message_drafted,مسودة — موافقة قبل الإرسال,,low,seed strategic slot 221
هدف استراتيجي 222,مدير حسابات 222,education,تسجيل inbound بلا متابعة,inbound,B,ten_lead_audit,sent_manual,مسودة — موافقة قبل الإرسال,,high,seed strategic slot 222
هدف استراتيجي 223,مدير حسابات 223,logistics,عروض B2B بلا evidence,email_warm,C,diagnostic_layer,replied,مسودة — موافقة قبل الإرسال,,medium,seed strategic slot 223
هدف استراتيجي 224,مدير حسابات 224,media_buying,تقارير media بلا post-lead ops,linkedin_manual,A,ten_lead_audit,meeting_booked,مسودة — موافقة قبل الإرسال,,low,seed strategic slot 224
هدف استراتيجي 225,مدير حسابات 225,ecommerce,سلة متروكة بلا قرار إيراد,phone_task,B,governed_diagnostic,not_contacted,مسودة — موافقة قبل الإرسال,,high,seed strategic slot 225
هدف استراتيجي 226,مدير حسابات 226,government_vendor,مناقصات بلا owner متابعة,partner_intro,D,executive_diagnostic,message_drafted,مسودة — موافقة قبل الإرسال,,medium,seed strategic slot 226
هدف استراتيجي 227,مدير حسابات 227,insurance,وثائق leads بلا إغلاق,email_warm,B,ten_lead_audit,sent_manual,مسودة — موافقة قبل الإرسال,,low,seed strategic slot 227
هدف استراتيجي 228,مدير حسابات 228,telecom_b2b,حسابات enterprise بلا proof,linkedin_manual,D,executive_diagnostic,replied,مسودة — موافقة قبل الإرسال,,high,seed strategic slot 228
هدف استراتيجي 229,مدير حسابات 229,construction,عروض مشاريع بلا متابعة,phone_task,B,governed_diagnostic,meeting_booked,مسودة — موافقة قبل الإرسال,,medium,seed strategic slot 229
هدف استراتيجي 230,مدير حسابات 230,automotive_dealer,استفسارات showrooms,inbound,B,ten_lead_audit,not_contacted,مسودة — موافقة قبل الإرسال,,low,seed strategic slot 230
هدف استراتيجي 231,مدير حسابات 231,agency_wedge,العميل يسأل عن ROI بعد الحملة,linkedin_manual,A,ten_lead_audit,message_drafted,مسودة — موافقة قبل الإرسال,,high,seed strategic slot 231
هدف استراتيجي 232,مدير حسابات 232,agency_wedge,لا proof أسبوعي للعميل,email_warm,A,agency_proof_pack,sent_manual,مسودة — موافقة قبل الإرسال,,medium,seed strategic slot 232
هدف استراتيجي 233,مدير حسابات 233,direct_b2b,متابعة أولى بطيئة,email_warm,B,governed_diagnostic,replied,مسودة — موافقة قبل الإرسال,,low,seed strategic slot 233
هدف استراتيجي 234,مدير حسابات 234,saas,توسع AI بدون حوكمة,linkedin_manual,D,executive_diagnostic,meeting_booked,مسودة — موافقة قبل الإرسال,,high,seed strategic slot 234
هدف استراتيجي 235,مدير حسابات 235,crm_partner,تنفيذ CRM قبل التشخيص,phone_task,C,diagnostic_layer,not_contacted,مسودة — موافقة قبل الإرسال,,medium,seed strategic slot 235
هدف استراتيجي 236,مدير حسابات 236,consulting_firm,عملاء يطلبون أتمتة بلا أدلة,email_warm,A,agency_proof_pack,message_drafted,مسودة — موافقة قبل الإرسال,,low,seed strategic slot 236
هدف استراتيجي 237,مدير حسابات 237,hospitality,استفسارات MICE بلا owner,phone_task,B,ten_lead_audit,sent_manual,مسودة — موافقة قبل الإرسال,,high,seed strategic slot 237
هدف استراتيجي 238,مدير حسابات 238,real_estate_developer,جودة leads inbound,email_warm,B,ten_lead_audit,replied,مسودة — موافقة قبل الإرسال,,medium,seed strategic slot 238
هدف استراتيجي 239,مدير حسابات 239,agency_partner,co-sell عميل واحد,partner_intro,A,partner_sprint,meeting_booked,مسودة — موافقة قبل الإرسال,,low,seed strategic slot 239
هدف استراتيجي 240,مدير حسابات 240,marketing_agency,ضغط inbound,inbound,A,ten_lead_audit,not_contacted,مسودة — موافقة قبل الإرسال,,high,seed strategic slot 240
هدف استراتيجي 241,مدير حسابات 241,executive_governance,مخاطر توسع AI,partner_intro,D,executive_diagnostic,message_drafted,مسودة — موافقة قبل الإرسال,,medium,seed strategic slot 241
هدف استراتيجي 242,مدير حسابات 242,fintech,leads مالية بلا تسليم Proof,email_warm,B,governed_diagnostic,sent_manual,مسودة — موافقة قبل الإرسال,,low,seed strategic slot 242
هدف استراتيجي 243,مدير حسابات 243,healthcare,متابعة مريض/عميل بلا owner,phone_task,B,ten_lead_audit,replied,مسودة — موافقة قبل الإرسال,,high,seed strategic slot 243
هدف استراتيجي 244,مدير حسابات 244,retail,حملات موسمية بلا إغلاق,linkedin_manual,A,agency_proof_pack,meeting_booked,مسودة — موافقة قبل الإرسال,,medium,seed strategic slot 244
هدف استراتيجي 245,مدير حسابات 245,education,تسجيل inbound بلا متابعة,phone_task,B,ten_lead_audit,not_contacted,مسودة — موافقة قبل الإرسال,,low,seed strategic slot 245
هدف استراتيجي 246,مدير حسابات 246,logistics,عروض B2B بلا evidence,email_warm,C,diagnostic_layer,message_drafted,مسودة — موافقة قبل الإرسال,,high,seed strategic slot 246
هدف استراتيجي 247,مدير حسابات 247,media_buying,تقارير media بلا post-lead ops,linkedin_manual,A,ten_lead_audit,sent_manual,مسودة — موافقة قبل الإرسال,,medium,seed strategic slot 247
هدف استراتيجي 248,مدير حسابات 248,ecommerce,سلة متروكة بلا قرار إيراد,email_warm,B,governed_diagnostic,replied,مسودة — موافقة قبل الإرسال,,low,seed strategic slot 248
هدف استراتيجي 249,مدير حسابات 249,government_vendor,مناقصات بلا owner متابعة,partner_intro,D,executive_diagnostic,meeting_booked,مسودة — موافقة قبل الإرسال,,high,seed strategic slot 249
هدف استراتيجي 250,مدير حسابات 250,insurance,وثائق leads بلا إغلاق,inbound,B,ten_lead_audit,not_contacted,مسودة — موافقة قبل الإرسال,,medium,seed strategic slot 250
