slot_id,company_placeholder,sector,region,why_now_hypothesis_ar,why_now_hypothesis_en,recommended_offer_rung,recommended_offer,suggested_first_touch,current_status,priority,next_action,doctrine_note
T001,هدف warm 25,agency_wedge,KSA (fill city from CRM),retainer before proof,Agency cannot show clients what happened after the campaign; weekly proof is missing.,Rung 1,499 SAR Revenue Proof Sprint (agency wedge),"LinkedIn manual DM (warm, founder-typed)",meeting_booked,high,Discovery,"PLACEHOLDER identity — fill real contact from CRM. DRAFT only, founder approves before any send."
T002,هدف استراتيجي 99,agency_partner,KSA (fill city from CRM),co-sell عميل واحد,Agency partner has one shared client ready for a co-sell pilot.,Rung 1,Partner co-sell 499 SAR Sprint (one shared client),Partner / mutual introduction,meeting_booked,high,مسودة — موافقة قبل الإرسال,"PLACEHOLDER identity — fill real contact from CRM. DRAFT only, founder approves before any send."
T003,هدف استراتيجي 114,consulting_firm,KSA (fill city from CRM),عملاء يطلبون أتمتة بلا أدلة,Consulting clients ask for automation without governance; needs a safe diagnostic first.,Rung 1,499 SAR Revenue Proof Sprint (agency wedge),Warm email (existing relationship),meeting_booked,high,مسودة — موافقة قبل الإرسال,"PLACEHOLDER identity — fill real contact from CRM. DRAFT only, founder approves before any send."
T004,هدف استراتيجي 129,direct_b2b,KSA (fill city from CRM),متابعة أولى بطيئة,"Direct B2B has undocumented, slow follow-up on inbound leads.",Rung 0/1,Free Diagnostic -> 499 SAR Sprint (governed),Warm email (existing relationship),meeting_booked,high,مسودة — موافقة قبل الإرسال,"PLACEHOLDER identity — fill real contact from CRM. DRAFT only, founder approves before any send."
T005,هدف استراتيجي 144,ecommerce,KSA (fill city from CRM),سلة متروكة بلا قرار إيراد,E-commerce pipeline lacks evidence on lead conversion.,Rung 0/1,Free Diagnostic -> 499 SAR Sprint (governed),Warm email (existing relationship),meeting_booked,high,مسودة — موافقة قبل الإرسال,"PLACEHOLDER identity — fill real contact from CRM. DRAFT only, founder approves before any send."
T006,هدف استراتيجي 159,telecom_b2b,KSA (fill city from CRM),حسابات enterprise بلا proof,Telecom B2B needs an executive diagnostic on AI scale risk.,Rung 0/4,Executive Diagnostic -> Custom AI / Governance scope,"LinkedIn manual DM (warm, founder-typed)",meeting_booked,high,مسودة — موافقة قبل الإرسال,"PLACEHOLDER identity — fill real contact from CRM. DRAFT only, founder approves before any send."
T007,هدف استراتيجي 174,healthcare,KSA (fill city from CRM),متابعة مريض/عميل بلا owner,Healthcare B2B needs PDPL-safe handling of lead data.,Rung 0/1,Free Diagnostic -> 499 SAR Revenue Proof Sprint,"Phone (scheduled, warm)",meeting_booked,high,مسودة — موافقة قبل الإرسال,"PLACEHOLDER identity — fill real contact from CRM. DRAFT only, founder approves before any send."
T008,هدف استراتيجي 189,crm_partner,KSA (fill city from CRM),تنفيذ CRM قبل التشخيص,CRM/HubSpot partner needs a pre-implementation diagnostic layer.,Rung 0,Free Diagnostic (CRM-partner pre-implementation layer),Warm email (existing relationship),meeting_booked,high,مسودة — موافقة قبل الإرسال,"PLACEHOLDER identity — fill real contact from CRM. DRAFT only, founder approves before any send."
T009,هدف استراتيجي 204,insurance,KSA (fill city from CRM),وثائق leads بلا إغلاق,Insurance B2B has slow first response on inbound quotes.,Rung 0/1,Free Diagnostic -> 499 SAR Revenue Proof Sprint,Warm email (existing relationship),meeting_booked,high,مسودة — موافقة قبل الإرسال,"PLACEHOLDER identity — fill real contact from CRM. DRAFT only, founder approves before any send."
T010,هدف استراتيجي 219,fintech,KSA (fill city from CRM),leads مالية بلا تسليم Proof,Fintech needs governed diagnostics under regulatory constraint.,Rung 0/1,Free Diagnostic -> 499 SAR Sprint (governed),Warm email (existing relationship),meeting_booked,high,مسودة — موافقة قبل الإرسال,"PLACEHOLDER identity — fill real contact from CRM. DRAFT only, founder approves before any send."
T011,هدف استراتيجي 234,saas,KSA (fill city from CRM),توسع AI بدون حوكمة,SaaS is scaling AI without governance; pipeline lacks evidence.,Rung 0/4,Executive Diagnostic -> Custom AI / Governance scope,"LinkedIn manual DM (warm, founder-typed)",meeting_booked,high,مسودة — موافقة قبل الإرسال,"PLACEHOLDER identity — fill real contact from CRM. DRAFT only, founder approves before any send."
T012,هدف استراتيجي 249,government_vendor,KSA (fill city from CRM),مناقصات بلا owner متابعة,Government vendor needs an AI governance review before scope.,Rung 0/4,Executive Diagnostic -> Custom AI / Governance scope,Partner / mutual introduction,meeting_booked,high,مسودة — موافقة قبل الإرسال,"PLACEHOLDER identity — fill real contact from CRM. DRAFT only, founder approves before any send."
T013,هدف استراتيجي 58 — وكالة/خدمات,crm_partner,KSA (fill city from CRM),follow-up غير موثق,CRM/HubSpot partner needs a pre-implementation diagnostic layer.,Rung 0,Free Diagnostic (CRM-partner pre-implementation layer),"LinkedIn manual DM (warm, founder-typed)",message_drafted,high,مسودة لمسة — موافقة قبل الإرسال,"PLACEHOLDER identity — fill real contact from CRM. DRAFT only, founder approves before any send."
T014,هدف استراتيجي 61 — وكالة/خدمات,agency_wedge,KSA (fill city from CRM),العميل يسأل ماذا حدث بعد الحملة,Agency cannot show clients what happened after the campaign; weekly proof is missing.,Rung 0/1,Free Diagnostic -> 499 SAR Revenue Proof Sprint,"LinkedIn manual DM (warm, founder-typed)",message_drafted,high,مسودة لمسة — موافقة قبل الإرسال,"PLACEHOLDER identity — fill real contact from CRM. DRAFT only, founder approves before any send."
T015,هدف استراتيجي 64 — وكالة/خدمات,agency_partner,KSA (fill city from CRM),co-sell pilot واحد,Agency partner has one shared client ready for a co-sell pilot.,Rung 1,Partner co-sell 499 SAR Sprint (one shared client),"LinkedIn manual DM (warm, founder-typed)",message_drafted,high,مسودة لمسة — موافقة قبل الإرسال,"PLACEHOLDER identity — fill real contact from CRM. DRAFT only, founder approves before any send."
T016,هدف استراتيجي 67 — وكالة/خدمات,direct_b2b,KSA (fill city from CRM),CRM مليان بلا owner,"Direct B2B has undocumented, slow follow-up on inbound leads.",Rung 0/1,Free Diagnostic -> 499 SAR Sprint (governed),"LinkedIn manual DM (warm, founder-typed)",message_drafted,high,مسودة لمسة — موافقة قبل الإرسال,"PLACEHOLDER identity — fill real contact from CRM. DRAFT only, founder approves before any send."
T017,هدف استراتيجي 70 — وكالة/خدمات,executive_governance,KSA (fill city from CRM),AI بلا حوكمة,Executive needs a control-tower view over AI scale risk.,Rung 0/4,Executive Diagnostic -> Custom AI / Governance scope,"LinkedIn manual DM (warm, founder-typed)",message_drafted,high,مسودة لمسة — موافقة قبل الإرسال,"PLACEHOLDER identity — fill real contact from CRM. DRAFT only, founder approves before any send."
T018,هدف استراتيجي 73 — وكالة/خدمات,crm_partner,KSA (fill city from CRM),follow-up غير موثق,CRM/HubSpot partner needs a pre-implementation diagnostic layer.,Rung 0,Free Diagnostic (CRM-partner pre-implementation layer),"LinkedIn manual DM (warm, founder-typed)",message_drafted,high,مسودة لمسة — موافقة قبل الإرسال,"PLACEHOLDER identity — fill real contact from CRM. DRAFT only, founder approves before any send."
T019,هدف استراتيجي 76 — وكالة/خدمات,agency_wedge,KSA (fill city from CRM),العميل يسأل ماذا حدث بعد الحملة,Agency cannot show clients what happened after the campaign; weekly proof is missing.,Rung 0/1,Free Diagnostic -> 499 SAR Revenue Proof Sprint,"LinkedIn manual DM (warm, founder-typed)",message_drafted,high,مسودة لمسة — موافقة قبل الإرسال,"PLACEHOLDER identity — fill real contact from CRM. DRAFT only, founder approves before any send."
T020,هدف استراتيجي 79 — وكالة/خدمات,agency_partner,KSA (fill city from CRM),co-sell pilot واحد,Agency partner has one shared client ready for a co-sell pilot.,Rung 1,Partner co-sell 499 SAR Sprint (one shared client),"LinkedIn manual DM (warm, founder-typed)",message_drafted,high,مسودة لمسة — موافقة قبل الإرسال,"PLACEHOLDER identity — fill real contact from CRM. DRAFT only, founder approves before any send."
T021,هدف استراتيجي 82 — وكالة/خدمات,direct_b2b,KSA (fill city from CRM),CRM مليان بلا owner,"Direct B2B has undocumented, slow follow-up on inbound leads.",Rung 0/1,Free Diagnostic -> 499 SAR Sprint (governed),"LinkedIn manual DM (warm, founder-typed)",message_drafted,high,مسودة لمسة — موافقة قبل الإرسال,"PLACEHOLDER identity — fill real contact from CRM. DRAFT only, founder approves before any send."
T022,هدف استراتيجي 85 — وكالة/خدمات,executive_governance,KSA (fill city from CRM),AI بلا حوكمة,Executive needs a control-tower view over AI scale risk.,Rung 0/4,Executive Diagnostic -> Custom AI / Governance scope,"LinkedIn manual DM (warm, founder-typed)",message_drafted,high,مسودة لمسة — موافقة قبل الإرسال,"PLACEHOLDER identity — fill real contact from CRM. DRAFT only, founder approves before any send."
T023,هدف استراتيجي 96,consulting_firm,KSA (fill city from CRM),عملاء يطلبون أتمتة بلا أدلة,Consulting clients ask for automation without governance; needs a safe diagnostic first.,Rung 1,499 SAR Revenue Proof Sprint (agency wedge),Warm email (existing relationship),message_drafted,high,مسودة — موافقة قبل الإرسال,"PLACEHOLDER identity — fill real contact from CRM. DRAFT only, founder approves before any send."
T024,هدف استراتيجي 111,direct_b2b,KSA (fill city from CRM),متابعة أولى بطيئة,"Direct B2B has undocumented, slow follow-up on inbound leads.",Rung 0/1,Free Diagnostic -> 499 SAR Sprint (governed),Warm email (existing relationship),message_drafted,high,مسودة — موافقة قبل الإرسال,"PLACEHOLDER identity — fill real contact from CRM. DRAFT only, founder approves before any send."
T025,هدف استراتيجي 126,ecommerce,KSA (fill city from CRM),سلة متروكة بلا قرار إيراد,E-commerce pipeline lacks evidence on lead conversion.,Rung 0/1,Free Diagnostic -> 499 SAR Sprint (governed),Warm email (existing relationship),message_drafted,high,مسودة — موافقة قبل الإرسال,"PLACEHOLDER identity — fill real contact from CRM. DRAFT only, founder approves before any send."
T026,هدف استراتيجي 141,education,KSA (fill city from CRM),تسجيل inbound بلا متابعة,Education B2B has unowned enrolment inquiries.,Rung 0/1,Free Diagnostic -> 499 SAR Revenue Proof Sprint,"Inbound reply (await intake, then qualify)",message_drafted,high,مسودة — موافقة قبل الإرسال,"PLACEHOLDER identity — fill real contact from CRM. DRAFT only, founder approves before any send."
T027,هدف استراتيجي 156,ecommerce,KSA (fill city from CRM),سلة متروكة بلا قرار إيراد,E-commerce pipeline lacks evidence on lead conversion.,Rung 0/1,Free Diagnostic -> 499 SAR Sprint (governed),Warm email (existing relationship),message_drafted,high,مسودة — موافقة قبل الإرسال,"PLACEHOLDER identity — fill real contact from CRM. DRAFT only, founder approves before any send."
T028,هدف استراتيجي 171,marketing_agency,KSA (fill city from CRM),ضغط inbound,Marketing agency lacks a weekly evidence loop for retained clients.,Rung 0/1,Free Diagnostic -> 499 SAR Revenue Proof Sprint,"LinkedIn manual DM (warm, founder-typed)",message_drafted,high,مسودة — موافقة قبل الإرسال,"PLACEHOLDER identity — fill real contact from CRM. DRAFT only, founder approves before any send."
T029,هدف استراتيجي 186,agency_wedge,KSA (fill city from CRM),لا proof أسبوعي للعميل,Agency cannot show clients what happened after the campaign; weekly proof is missing.,Rung 1,499 SAR Revenue Proof Sprint (agency wedge),Warm email (existing relationship),message_drafted,high,مسودة — موافقة قبل الإرسال,"PLACEHOLDER identity — fill real contact from CRM. DRAFT only, founder approves before any send."
T030,هدف استراتيجي 201,media_buying,KSA (fill city from CRM),تقارير media بلا post-lead ops,Media-buying lacks post-campaign proof for clients.,Rung 0/1,Free Diagnostic -> 499 SAR Revenue Proof Sprint,"LinkedIn manual DM (warm, founder-typed)",message_drafted,high,مسودة — موافقة قبل الإرسال,"PLACEHOLDER identity — fill real contact from CRM. DRAFT only, founder approves before any send."
T031,هدف استراتيجي 216,agency_partner,KSA (fill city from CRM),co-sell عميل واحد,Agency partner has one shared client ready for a co-sell pilot.,Rung 1,Partner co-sell 499 SAR Sprint (one shared client),Partner / mutual introduction,message_drafted,high,مسودة — موافقة قبل الإرسال,"PLACEHOLDER identity — fill real contact from CRM. DRAFT only, founder approves before any send."
T032,هدف استراتيجي 231,agency_wedge,KSA (fill city from CRM),العميل يسأل عن ROI بعد الحملة,Agency cannot show clients what happened after the campaign; weekly proof is missing.,Rung 0/1,Free Diagnostic -> 499 SAR Revenue Proof Sprint,"LinkedIn manual DM (warm, founder-typed)",message_drafted,high,مسودة — موافقة قبل الإرسال,"PLACEHOLDER identity — fill real contact from CRM. DRAFT only, founder approves before any send."
T033,هدف استراتيجي 246,logistics,KSA (fill city from CRM),عروض B2B بلا evidence,Logistics needs a governed diagnostic before any automation.,Rung 0,Free Diagnostic (CRM-partner pre-implementation layer),Warm email (existing relationship),message_drafted,high,مسودة — موافقة قبل الإرسال,"PLACEHOLDER identity — fill real contact from CRM. DRAFT only, founder approves before any send."
T034,REPLACE:وكالة من شبكتك 1,agency_wedge,KSA (fill city from CRM),العميل يسأل ماذا حدث بعد الحملة,Agency cannot show clients what happened after the campaign; weekly proof is missing.,Rung 0/1,Free Diagnostic -> 499 SAR Revenue Proof Sprint,"LinkedIn manual DM (warm, founder-typed)",not_contacted,high,مسودة لمسة — موافقة قبل الإرسال,"PLACEHOLDER identity — fill real contact from CRM. DRAFT only, founder approves before any send."
T035,REPLACE:وكالة من شبكتك 2,agency_wedge,KSA (fill city from CRM),CRM مليان بلا owner للمتابعة,Agency cannot show clients what happened after the campaign; weekly proof is missing.,Rung 1,499 SAR Revenue Proof Sprint (agency wedge),Warm email (existing relationship),not_contacted,high,طلب ديمو 10 دقائق,"PLACEHOLDER identity — fill real contact from CRM. DRAFT only, founder approves before any send."
T036,REPLACE:مؤسس SaaS معروف,saas,KSA (fill city from CRM),توسع AI بدون حوكمة,SaaS is scaling AI without governance; pipeline lacks evidence.,Rung 0/4,Executive Diagnostic -> Custom AI / Governance scope,"LinkedIn manual DM (warm, founder-typed)",not_contacted,high,لغة Control Tower,"PLACEHOLDER identity — fill real contact from CRM. DRAFT only, founder approves before any send."
T037,REPLACE:مطور عقاري,real_estate_developer,KSA (fill city from CRM),تأخر رد على leads inbound,Real-estate developer is slow to respond to inbound leads.,Rung 0/1,Free Diagnostic -> 499 SAR Revenue Proof Sprint,"Phone (scheduled, warm)",not_contacted,high,مكالمة 5 دقائق,"PLACEHOLDER identity — fill real contact from CRM. DRAFT only, founder approves before any send."
T038,REPLACE:شريك وكالة محتمل,agency_partner,KSA (fill city from CRM),co-sell عميل واحد,Agency partner has one shared client ready for a co-sell pilot.,Rung 1,Partner co-sell 499 SAR Sprint (one shared client),Partner / mutual introduction,not_contacted,high,Partner one-pager,"PLACEHOLDER identity — fill real contact from CRM. DRAFT only, founder approves before any send."
T039,هدف warm 12,agency_wedge,KSA (fill city from CRM),post-campaign leak,Agency cannot show clients what happened after the campaign; weekly proof is missing.,Rung 0/1,Free Diagnostic -> 499 SAR Revenue Proof Sprint,Warm email (existing relationship),not_contacted,high,مسودة,"PLACEHOLDER identity — fill real contact from CRM. DRAFT only, founder approves before any send."
T040,هدف warm 13,agency_wedge,KSA (fill city from CRM),no weekly proof,Agency cannot show clients what happened after the campaign; weekly proof is missing.,Rung 1,499 SAR Revenue Proof Sprint (agency wedge),"LinkedIn manual DM (warm, founder-typed)",not_contacted,high,مسودة,"PLACEHOLDER identity — fill real contact from CRM. DRAFT only, founder approves before any send."
T041,هدف warm 17,agency_partner,KSA (fill city from CRM),one client pilot,Agency partner has one shared client ready for a co-sell pilot.,Rung 1,Partner co-sell 499 SAR Sprint (one shared client),Partner / mutual introduction,not_contacted,high,مسودة,"PLACEHOLDER identity — fill real contact from CRM. DRAFT only, founder approves before any send."
T042,هدف warm 24,real_estate_developer,KSA (fill city from CRM),inbound quality,Real-estate developer is slow to respond to inbound leads.,Rung 0/1,Free Diagnostic -> 499 SAR Revenue Proof Sprint,Warm email (existing relationship),not_contacted,high,مسودة,"PLACEHOLDER identity — fill real contact from CRM. DRAFT only, founder approves before any send."
T043,هدف استراتيجي 28 — وكالة/خدمات,crm_partner,KSA (fill city from CRM),follow-up غير موثق,CRM/HubSpot partner needs a pre-implementation diagnostic layer.,Rung 0,Free Diagnostic (CRM-partner pre-implementation layer),"LinkedIn manual DM (warm, founder-typed)",not_contacted,high,مسودة لمسة — موافقة قبل الإرسال,"PLACEHOLDER identity — fill real contact from CRM. DRAFT only, founder approves before any send."
T044,هدف استراتيجي 31 — وكالة/خدمات,agency_wedge,KSA (fill city from CRM),العميل يسأل ماذا حدث بعد الحملة,Agency cannot show clients what happened after the campaign; weekly proof is missing.,Rung 0/1,Free Diagnostic -> 499 SAR Revenue Proof Sprint,"LinkedIn manual DM (warm, founder-typed)",not_contacted,high,مسودة لمسة — موافقة قبل الإرسال,"PLACEHOLDER identity — fill real contact from CRM. DRAFT only, founder approves before any send."
T045,هدف استراتيجي 34 — وكالة/خدمات,agency_partner,KSA (fill city from CRM),co-sell pilot واحد,Agency partner has one shared client ready for a co-sell pilot.,Rung 1,Partner co-sell 499 SAR Sprint (one shared client),"LinkedIn manual DM (warm, founder-typed)",not_contacted,high,مسودة لمسة — موافقة قبل الإرسال,"PLACEHOLDER identity — fill real contact from CRM. DRAFT only, founder approves before any send."
T046,هدف استراتيجي 37 — وكالة/خدمات,direct_b2b,KSA (fill city from CRM),CRM مليان بلا owner,"Direct B2B has undocumented, slow follow-up on inbound leads.",Rung 0/1,Free Diagnostic -> 499 SAR Sprint (governed),"LinkedIn manual DM (warm, founder-typed)",not_contacted,high,مسودة لمسة — موافقة قبل الإرسال,"PLACEHOLDER identity — fill real contact from CRM. DRAFT only, founder approves before any send."
T047,هدف استراتيجي 40 — وكالة/خدمات,executive_governance,KSA (fill city from CRM),AI بلا حوكمة,Executive needs a control-tower view over AI scale risk.,Rung 0/4,Executive Diagnostic -> Custom AI / Governance scope,"LinkedIn manual DM (warm, founder-typed)",not_contacted,high,مسودة لمسة — موافقة قبل الإرسال,"PLACEHOLDER identity — fill real contact from CRM. DRAFT only, founder approves before any send."
T048,هدف استراتيجي 43 — وكالة/خدمات,crm_partner,KSA (fill city from CRM),follow-up غير موثق,CRM/HubSpot partner needs a pre-implementation diagnostic layer.,Rung 0,Free Diagnostic (CRM-partner pre-implementation layer),"LinkedIn manual DM (warm, founder-typed)",not_contacted,high,مسودة لمسة — موافقة قبل الإرسال,"PLACEHOLDER identity — fill real contact from CRM. DRAFT only, founder approves before any send."
T049,هدف استراتيجي 46 — وكالة/خدمات,agency_wedge,KSA (fill city from CRM),العميل يسأل ماذا حدث بعد الحملة,Agency cannot show clients what happened after the campaign; weekly proof is missing.,Rung 0/1,Free Diagnostic -> 499 SAR Revenue Proof Sprint,"LinkedIn manual DM (warm, founder-typed)",not_contacted,high,مسودة لمسة — موافقة قبل الإرسال,"PLACEHOLDER identity — fill real contact from CRM. DRAFT only, founder approves before any send."
T050,هدف استراتيجي 49 — وكالة/خدمات,agency_partner,KSA (fill city from CRM),co-sell pilot واحد,Agency partner has one shared client ready for a co-sell pilot.,Rung 1,Partner co-sell 499 SAR Sprint (one shared client),"LinkedIn manual DM (warm, founder-typed)",not_contacted,high,مسودة لمسة — موافقة قبل الإرسال,"PLACEHOLDER identity — fill real contact from CRM. DRAFT only, founder approves before any send."
T051,هدف استراتيجي 52 — وكالة/خدمات,direct_b2b,KSA (fill city from CRM),CRM مليان بلا owner,"Direct B2B has undocumented, slow follow-up on inbound leads.",Rung 0/1,Free Diagnostic -> 499 SAR Sprint (governed),"LinkedIn manual DM (warm, founder-typed)",not_contacted,high,مسودة لمسة — موافقة قبل الإرسال,"PLACEHOLDER identity — fill real contact from CRM. DRAFT only, founder approves before any send."
T052,هدف استراتيجي 55 — وكالة/خدمات,executive_governance,KSA (fill city from CRM),AI بلا حوكمة,Executive needs a control-tower view over AI scale risk.,Rung 0/4,Executive Diagnostic -> Custom AI / Governance scope,"LinkedIn manual DM (warm, founder-typed)",not_contacted,high,مسودة لمسة — موافقة قبل الإرسال,"PLACEHOLDER identity — fill real contact from CRM. DRAFT only, founder approves before any send."
T053,هدف استراتيجي 90,ecommerce,KSA (fill city from CRM),سلة متروكة بلا قرار إيراد,E-commerce pipeline lacks evidence on lead conversion.,Rung 0/1,Free Diagnostic -> 499 SAR Sprint (governed),"Inbound reply (await intake, then qualify)",not_contacted,high,مسودة — موافقة قبل الإرسال,"PLACEHOLDER identity — fill real contact from CRM. DRAFT only, founder approves before any send."
T054,هدف استراتيجي 105,education,KSA (fill city from CRM),تسجيل inbound بلا متابعة,Education B2B has unowned enrolment inquiries.,Rung 0/1,Free Diagnostic -> 499 SAR Revenue Proof Sprint,"Phone (scheduled, warm)",not_contacted,high,مسودة — موافقة قبل الإرسال,"PLACEHOLDER identity — fill real contact from CRM. DRAFT only, founder approves before any send."
T055,هدف استراتيجي 120,fintech,KSA (fill city from CRM),leads مالية بلا تسليم Proof,Fintech needs governed diagnostics under regulatory constraint.,Rung 0/1,Free Diagnostic -> 499 SAR Sprint (governed),"Inbound reply (await intake, then qualify)",not_contacted,high,مسودة — موافقة قبل الإرسال,"PLACEHOLDER identity — fill real contact from CRM. DRAFT only, founder approves before any send."
T056,هدف استراتيجي 135,agency_partner,KSA (fill city from CRM),co-sell عميل واحد,Agency partner has one shared client ready for a co-sell pilot.,Rung 1,Partner co-sell 499 SAR Sprint (one shared client),"Phone (scheduled, warm)",not_contacted,high,مسودة — موافقة قبل الإرسال,"PLACEHOLDER identity — fill real contact from CRM. DRAFT only, founder approves before any send."
T057,هدف استراتيجي 150,consulting_firm,KSA (fill city from CRM),عملاء يطلبون أتمتة بلا أدلة,Consulting clients ask for automation without governance; needs a safe diagnostic first.,Rung 1,499 SAR Revenue Proof Sprint (agency wedge),"Inbound reply (await intake, then qualify)",not_contacted,high,مسودة — موافقة قبل الإرسال,"PLACEHOLDER identity — fill real contact from CRM. DRAFT only, founder approves before any send."
T058,هدف استراتيجي 165,saas,KSA (fill city from CRM),توسع AI بدون حوكمة,SaaS is scaling AI without governance; pipeline lacks evidence.,Rung 0/4,Executive Diagnostic -> Custom AI / Governance scope,"Phone (scheduled, warm)",not_contacted,high,مسودة — موافقة قبل الإرسال,"PLACEHOLDER identity — fill real contact from CRM. DRAFT only, founder approves before any send."
T059,هدف استراتيجي 180,government_vendor,KSA (fill city from CRM),مناقصات بلا owner متابعة,Government vendor needs an AI governance review before scope.,Rung 0/4,Executive Diagnostic -> Custom AI / Governance scope,"Inbound reply (await intake, then qualify)",not_contacted,high,مسودة — موافقة قبل الإرسال,"PLACEHOLDER identity — fill real contact from CRM. DRAFT only, founder approves before any send."
T060,هدف استراتيجي 195,executive_governance,KSA (fill city from CRM),مخاطر توسع AI,Executive needs a control-tower view over AI scale risk.,Rung 0/4,Executive Diagnostic -> Custom AI / Governance scope,"Phone (scheduled, warm)",not_contacted,high,مسودة — موافقة قبل الإرسال,"PLACEHOLDER identity — fill real contact from CRM. DRAFT only, founder approves before any send."
T061,هدف استراتيجي 210,direct_b2b,KSA (fill city from CRM),متابعة أولى بطيئة,"Direct B2B has undocumented, slow follow-up on inbound leads.",Rung 0/1,Free Diagnostic -> 499 SAR Sprint (governed),"Inbound reply (await intake, then qualify)",not_contacted,high,مسودة — موافقة قبل الإرسال,"PLACEHOLDER identity — fill real contact from CRM. DRAFT only, founder approves before any send."
T062,هدف استراتيجي 225,ecommerce,KSA (fill city from CRM),سلة متروكة بلا قرار إيراد,E-commerce pipeline lacks evidence on lead conversion.,Rung 0/1,Free Diagnostic -> 499 SAR Sprint (governed),"Phone (scheduled, warm)",not_contacted,high,مسودة — موافقة قبل الإرسال,"PLACEHOLDER identity — fill real contact from CRM. DRAFT only, founder approves before any send."
T063,هدف استراتيجي 240,marketing_agency,KSA (fill city from CRM),ضغط inbound,Marketing agency lacks a weekly evidence loop for retained clients.,Rung 0/1,Free Diagnostic -> 499 SAR Revenue Proof Sprint,"Inbound reply (await intake, then qualify)",not_contacted,high,مسودة — موافقة قبل الإرسال,"PLACEHOLDER identity — fill real contact from CRM. DRAFT only, founder approves before any send."
T064,هدف warm 20,consulting_firm,KSA (fill city from CRM),client proof gap,Consulting clients ask for automation without governance; needs a safe diagnostic first.,Rung 1,499 SAR Revenue Proof Sprint (agency wedge),Warm email (existing relationship),replied,high,متابعة 48h,"PLACEHOLDER identity — fill real contact from CRM. DRAFT only, founder approves before any send."
T065,هدف استراتيجي 93,direct_b2b,KSA (fill city from CRM),متابعة أولى بطيئة,"Direct B2B has undocumented, slow follow-up on inbound leads.",Rung 0/1,Free Diagnostic -> 499 SAR Sprint (governed),Warm email (existing relationship),replied,high,مسودة — موافقة قبل الإرسال,"PLACEHOLDER identity — fill real contact from CRM. DRAFT only, founder approves before any send."
T066,هدف استراتيجي 108,ecommerce,KSA (fill city from CRM),سلة متروكة بلا قرار إيراد,E-commerce pipeline lacks evidence on lead conversion.,Rung 0/1,Free Diagnostic -> 499 SAR Sprint (governed),Warm email (existing relationship),replied,high,مسودة — موافقة قبل الإرسال,"PLACEHOLDER identity — fill real contact from CRM. DRAFT only, founder approves before any send."
T067,هدف استراتيجي 123,education,KSA (fill city from CRM),تسجيل inbound بلا متابعة,Education B2B has unowned enrolment inquiries.,Rung 0/1,Free Diagnostic -> 499 SAR Revenue Proof Sprint,"Inbound reply (await intake, then qualify)",replied,high,مسودة — موافقة قبل الإرسال,"PLACEHOLDER identity — fill real contact from CRM. DRAFT only, founder approves before any send."
T068,هدف استراتيجي 138,fintech,KSA (fill city from CRM),leads مالية بلا تسليم Proof,Fintech needs governed diagnostics under regulatory constraint.,Rung 0/1,Free Diagnostic -> 499 SAR Sprint (governed),Warm email (existing relationship),replied,high,مسودة — موافقة قبل الإرسال,"PLACEHOLDER identity — fill real contact from CRM. DRAFT only, founder approves before any send."
T069,هدف استراتيجي 153,education,KSA (fill city from CRM),تسجيل inbound بلا متابعة,Education B2B has unowned enrolment inquiries.,Rung 0/1,Free Diagnostic -> 499 SAR Revenue Proof Sprint,"Inbound reply (await intake, then qualify)",replied,high,مسودة — موافقة قبل الإرسال,"PLACEHOLDER identity — fill real contact from CRM. DRAFT only, founder approves before any send."
T070,هدف استراتيجي 168,hospitality,KSA (fill city from CRM),استفسارات MICE بلا owner,Hospitality has booking inquiries with no clear owner.,Rung 0/1,Free Diagnostic -> 499 SAR Revenue Proof Sprint,"Phone (scheduled, warm)",replied,high,مسودة — موافقة قبل الإرسال,"PLACEHOLDER identity — fill real contact from CRM. DRAFT only, founder approves before any send."
T071,هدف استراتيجي 183,construction,KSA (fill city from CRM),عروض مشاريع بلا متابعة,Construction B2B needs a governed diagnostic before automation.,Rung 0/1,Free Diagnostic -> 499 SAR Sprint (governed),"Phone (scheduled, warm)",replied,high,مسودة — موافقة قبل الإرسال,"PLACEHOLDER identity — fill real contact from CRM. DRAFT only, founder approves before any send."
T072,هدف استراتيجي 198,retail,KSA (fill city from CRM),حملات موسمية بلا إغلاق,Retail B2B lacks a structured proof loop on lead handling.,Rung 1,499 SAR Revenue Proof Sprint (agency wedge),"LinkedIn manual DM (warm, founder-typed)",replied,high,مسودة — موافقة قبل الإرسال,"PLACEHOLDER identity — fill real contact from CRM. DRAFT only, founder approves before any send."
T073,هدف استراتيجي 213,consulting_firm,KSA (fill city from CRM),عملاء يطلبون أتمتة بلا أدلة,Consulting clients ask for automation without governance; needs a safe diagnostic first.,Rung 1,499 SAR Revenue Proof Sprint (agency wedge),Warm email (existing relationship),replied,high,مسودة — موافقة قبل الإرسال,"PLACEHOLDER identity — fill real contact from CRM. DRAFT only, founder approves before any send."
T074,هدف استراتيجي 228,telecom_b2b,KSA (fill city from CRM),حسابات enterprise بلا proof,Telecom B2B needs an executive diagnostic on AI scale risk.,Rung 0/4,Executive Diagnostic -> Custom AI / Governance scope,"LinkedIn manual DM (warm, founder-typed)",replied,high,مسودة — موافقة قبل الإرسال,"PLACEHOLDER identity — fill real contact from CRM. DRAFT only, founder approves before any send."
T075,هدف استراتيجي 243,healthcare,KSA (fill city from CRM),متابعة مريض/عميل بلا owner,Healthcare B2B needs PDPL-safe handling of lead data.,Rung 0/1,Free Diagnostic -> 499 SAR Revenue Proof Sprint,"Phone (scheduled, warm)",replied,high,مسودة — موافقة قبل الإرسال,"PLACEHOLDER identity — fill real contact from CRM. DRAFT only, founder approves before any send."
T076,هدف warm 21,agency_wedge,KSA (fill city from CRM),client asks ROI,Agency cannot show clients what happened after the campaign; weekly proof is missing.,Rung 0/1,Free Diagnostic -> 499 SAR Revenue Proof Sprint,"LinkedIn manual DM (warm, founder-typed)",sent_manual,high,متابعة,"PLACEHOLDER identity — fill real contact from CRM. DRAFT only, founder approves before any send."
T077,هدف استراتيجي 87,education,KSA (fill city from CRM),تسجيل inbound بلا متابعة,Education B2B has unowned enrolment inquiries.,Rung 0/1,Free Diagnostic -> 499 SAR Revenue Proof Sprint,"Inbound reply (await intake, then qualify)",sent_manual,high,مسودة — موافقة قبل الإرسال,"PLACEHOLDER identity — fill real contact from CRM. DRAFT only, founder approves before any send."
T078,هدف استراتيجي 102,fintech,KSA (fill city from CRM),leads مالية بلا تسليم Proof,Fintech needs governed diagnostics under regulatory constraint.,Rung 0/1,Free Diagnostic -> 499 SAR Sprint (governed),Warm email (existing relationship),sent_manual,high,مسودة — موافقة قبل الإرسال,"PLACEHOLDER identity — fill real contact from CRM. DRAFT only, founder approves before any send."
T079,هدف استراتيجي 117,agency_partner,KSA (fill city from CRM),co-sell عميل واحد,Agency partner has one shared client ready for a co-sell pilot.,Rung 1,Partner co-sell 499 SAR Sprint (one shared client),Partner / mutual introduction,sent_manual,high,مسودة — موافقة قبل الإرسال,"PLACEHOLDER identity — fill real contact from CRM. DRAFT only, founder approves before any send."
T080,هدف استراتيجي 132,consulting_firm,KSA (fill city from CRM),عملاء يطلبون أتمتة بلا أدلة,Consulting clients ask for automation without governance; needs a safe diagnostic first.,Rung 1,499 SAR Revenue Proof Sprint (agency wedge),Warm email (existing relationship),sent_manual,high,مسودة — موافقة قبل الإرسال,"PLACEHOLDER identity — fill real contact from CRM. DRAFT only, founder approves before any send."
T081,هدف استراتيجي 147,direct_b2b,KSA (fill city from CRM),متابعة أولى بطيئة,"Direct B2B has undocumented, slow follow-up on inbound leads.",Rung 0/1,Free Diagnostic -> 499 SAR Sprint (governed),Warm email (existing relationship),sent_manual,high,مسودة — موافقة قبل الإرسال,"PLACEHOLDER identity — fill real contact from CRM. DRAFT only, founder approves before any send."
T082,هدف استراتيجي 162,agency_wedge,KSA (fill city from CRM),العميل يسأل عن ROI بعد الحملة,Agency cannot show clients what happened after the campaign; weekly proof is missing.,Rung 0/1,Free Diagnostic -> 499 SAR Revenue Proof Sprint,"LinkedIn manual DM (warm, founder-typed)",sent_manual,high,مسودة — موافقة قبل الإرسال,"PLACEHOLDER identity — fill real contact from CRM. DRAFT only, founder approves before any send."
T083,هدف استراتيجي 177,logistics,KSA (fill city from CRM),عروض B2B بلا evidence,Logistics needs a governed diagnostic before any automation.,Rung 0,Free Diagnostic (CRM-partner pre-implementation layer),Warm email (existing relationship),sent_manual,high,مسودة — موافقة قبل الإرسال,"PLACEHOLDER identity — fill real contact from CRM. DRAFT only, founder approves before any send."
T084,هدف استراتيجي 192,real_estate_developer,KSA (fill city from CRM),جودة leads inbound,Real-estate developer is slow to respond to inbound leads.,Rung 0/1,Free Diagnostic -> 499 SAR Revenue Proof Sprint,Warm email (existing relationship),sent_manual,high,مسودة — موافقة قبل الإرسال,"PLACEHOLDER identity — fill real contact from CRM. DRAFT only, founder approves before any send."
T085,هدف استراتيجي 207,automotive_dealer,KSA (fill city from CRM),استفسارات showrooms,Automotive dealer has slow inbound lead follow-up.,Rung 0/1,Free Diagnostic -> 499 SAR Revenue Proof Sprint,"Inbound reply (await intake, then qualify)",sent_manual,high,مسودة — موافقة قبل الإرسال,"PLACEHOLDER identity — fill real contact from CRM. DRAFT only, founder approves before any send."
T086,هدف استراتيجي 222,education,KSA (fill city from CRM),تسجيل inbound بلا متابعة,Education B2B has unowned enrolment inquiries.,Rung 0/1,Free Diagnostic -> 499 SAR Revenue Proof Sprint,"Inbound reply (await intake, then qualify)",sent_manual,high,مسودة — موافقة قبل الإرسال,"PLACEHOLDER identity — fill real contact from CRM. DRAFT only, founder approves before any send."
T087,هدف استراتيجي 237,hospitality,KSA (fill city from CRM),استفسارات MICE بلا owner,Hospitality has booking inquiries with no clear owner.,Rung 0/1,Free Diagnostic -> 499 SAR Revenue Proof Sprint,"Phone (scheduled, warm)",sent_manual,high,مسودة — موافقة قبل الإرسال,"PLACEHOLDER identity — fill real contact from CRM. DRAFT only, founder approves before any send."
T088,هدف استراتيجي 94,saas,KSA (fill city from CRM),توسع AI بدون حوكمة,SaaS is scaling AI without governance; pipeline lacks evidence.,Rung 0/4,Executive Diagnostic -> Custom AI / Governance scope,"LinkedIn manual DM (warm, founder-typed)",meeting_booked,medium,مسودة — موافقة قبل الإرسال,"PLACEHOLDER identity — fill real contact from CRM. DRAFT only, founder approves before any send."
T089,هدف استراتيجي 109,agency_wedge,KSA (fill city from CRM),العميل يسأل عن ROI بعد الحملة,Agency cannot show clients what happened after the campaign; weekly proof is missing.,Rung 0/1,Free Diagnostic -> 499 SAR Revenue Proof Sprint,"LinkedIn manual DM (warm, founder-typed)",meeting_booked,medium,مسودة — موافقة قبل الإرسال,"PLACEHOLDER identity — fill real contact from CRM. DRAFT only, founder approves before any send."
T090,هدف استراتيجي 124,logistics,KSA (fill city from CRM),عروض B2B بلا evidence,Logistics needs a governed diagnostic before any automation.,Rung 0,Free Diagnostic (CRM-partner pre-implementation layer),Warm email (existing relationship),meeting_booked,medium,مسودة — موافقة قبل الإرسال,"PLACEHOLDER identity — fill real contact from CRM. DRAFT only, founder approves before any send."
T091,هدف استراتيجي 139,healthcare,KSA (fill city from CRM),متابعة مريض/عميل بلا owner,Healthcare B2B needs PDPL-safe handling of lead data.,Rung 0/1,Free Diagnostic -> 499 SAR Revenue Proof Sprint,"Phone (scheduled, warm)",meeting_booked,medium,مسودة — موافقة قبل الإرسال,"PLACEHOLDER identity — fill real contact from CRM. DRAFT only, founder approves before any send."
T092,هدف استراتيجي 154,logistics,KSA (fill city from CRM),عروض B2B بلا evidence,Logistics needs a governed diagnostic before any automation.,Rung 0,Free Diagnostic (CRM-partner pre-implementation layer),Warm email (existing relationship),meeting_booked,medium,مسودة — موافقة قبل الإرسال,"PLACEHOLDER identity — fill real contact from CRM. DRAFT only, founder approves before any send."
T093,هدف استراتيجي 169,real_estate_developer,KSA (fill city from CRM),جودة leads inbound,Real-estate developer is slow to respond to inbound leads.,Rung 0/1,Free Diagnostic -> 499 SAR Revenue Proof Sprint,Warm email (existing relationship),meeting_booked,medium,مسودة — موافقة قبل الإرسال,"PLACEHOLDER identity — fill real contact from CRM. DRAFT only, founder approves before any send."
T094,هدف استراتيجي 184,automotive_dealer,KSA (fill city from CRM),استفسارات showrooms,Automotive dealer has slow inbound lead follow-up.,Rung 0/1,Free Diagnostic -> 499 SAR Revenue Proof Sprint,"Inbound reply (await intake, then qualify)",meeting_booked,medium,مسودة — موافقة قبل الإرسال,"PLACEHOLDER identity — fill real contact from CRM. DRAFT only, founder approves before any send."
T095,هدف استراتيجي 199,education,KSA (fill city from CRM),تسجيل inbound بلا متابعة,Education B2B has unowned enrolment inquiries.,Rung 0/1,Free Diagnostic -> 499 SAR Revenue Proof Sprint,"Inbound reply (await intake, then qualify)",meeting_booked,medium,مسودة — موافقة قبل الإرسال,"PLACEHOLDER identity — fill real contact from CRM. DRAFT only, founder approves before any send."
T096,هدف استراتيجي 214,hospitality,KSA (fill city from CRM),استفسارات MICE بلا owner,Hospitality has booking inquiries with no clear owner.,Rung 0/1,Free Diagnostic -> 499 SAR Revenue Proof Sprint,"Phone (scheduled, warm)",meeting_booked,medium,مسودة — موافقة قبل الإرسال,"PLACEHOLDER identity — fill real contact from CRM. DRAFT only, founder approves before any send."
T097,هدف استراتيجي 229,construction,KSA (fill city from CRM),عروض مشاريع بلا متابعة,Construction B2B needs a governed diagnostic before automation.,Rung 0/1,Free Diagnostic -> 499 SAR Sprint (governed),"Phone (scheduled, warm)",meeting_booked,medium,مسودة — موافقة قبل الإرسال,"PLACEHOLDER identity — fill real contact from CRM. DRAFT only, founder approves before any send."
T098,هدف استراتيجي 244,retail,KSA (fill city from CRM),حملات موسمية بلا إغلاق,Retail B2B lacks a structured proof loop on lead handling.,Rung 1,499 SAR Revenue Proof Sprint (agency wedge),"LinkedIn manual DM (warm, founder-typed)",meeting_booked,medium,مسودة — موافقة قبل الإرسال,"PLACEHOLDER identity — fill real contact from CRM. DRAFT only, founder approves before any send."
T099,REPLACE:وكالة من شبكتك 3,agency_wedge,KSA (fill city from CRM),لا proof أسبوعي للعميل,Agency cannot show clients what happened after the campaign; weekly proof is missing.,Rung 0/1,Free Diagnostic -> 499 SAR Revenue Proof Sprint,"LinkedIn manual DM (warm, founder-typed)",message_drafted,medium,مراجعة مسودة قبل إرسال,"PLACEHOLDER identity — fill real contact from CRM. DRAFT only, founder approves before any send."
T100,هدف warm 18,marketing_agency,KSA (fill city from CRM),inbound overload,Marketing agency lacks a weekly evidence loop for retained clients.,Rung 0/1,Free Diagnostic -> 499 SAR Revenue Proof Sprint,"LinkedIn manual DM (warm, founder-typed)",message_drafted,medium,مراجعة,"PLACEHOLDER identity — fill real contact from CRM. DRAFT only, founder approves before any send."
T101,هدف استراتيجي 29 — وكالة/خدمات,agency_partner,KSA (fill city from CRM),co-sell pilot واحد,Agency partner has one shared client ready for a co-sell pilot.,Rung 1,Partner co-sell 499 SAR Sprint (one shared client),Warm email (existing relationship),message_drafted,medium,مسودة لمسة — موافقة قبل الإرسال,"PLACEHOLDER identity — fill real contact from CRM. DRAFT only, founder approves before any send."
T102,هدف استراتيجي 32 — وكالة/خدمات,direct_b2b,KSA (fill city from CRM),CRM مليان بلا owner,"Direct B2B has undocumented, slow follow-up on inbound leads.",Rung 0/1,Free Diagnostic -> 499 SAR Sprint (governed),Warm email (existing relationship),message_drafted,medium,مسودة لمسة — موافقة قبل الإرسال,"PLACEHOLDER identity — fill real contact from CRM. DRAFT only, founder approves before any send."
T103,هدف استراتيجي 35 — وكالة/خدمات,executive_governance,KSA (fill city from CRM),AI بلا حوكمة,Executive needs a control-tower view over AI scale risk.,Rung 0/4,Executive Diagnostic -> Custom AI / Governance scope,Warm email (existing relationship),message_drafted,medium,مسودة لمسة — موافقة قبل الإرسال,"PLACEHOLDER identity — fill real contact from CRM. DRAFT only, founder approves before any send."
T104,هدف استراتيجي 38 — وكالة/خدمات,crm_partner,KSA (fill city from CRM),follow-up غير موثق,CRM/HubSpot partner needs a pre-implementation diagnostic layer.,Rung 0,Free Diagnostic (CRM-partner pre-implementation layer),Warm email (existing relationship),message_drafted,medium,مسودة لمسة — موافقة قبل الإرسال,"PLACEHOLDER identity — fill real contact from CRM. DRAFT only, founder approves before any send."
T105,هدف استراتيجي 41 — وكالة/خدمات,agency_wedge,KSA (fill city from CRM),العميل يسأل ماذا حدث بعد الحملة,Agency cannot show clients what happened after the campaign; weekly proof is missing.,Rung 0/1,Free Diagnostic -> 499 SAR Revenue Proof Sprint,Warm email (existing relationship),message_drafted,medium,مسودة لمسة — موافقة قبل الإرسال,"PLACEHOLDER identity — fill real contact from CRM. DRAFT only, founder approves before any send."
T106,هدف استراتيجي 44 — وكالة/خدمات,agency_partner,KSA (fill city from CRM),co-sell pilot واحد,Agency partner has one shared client ready for a co-sell pilot.,Rung 1,Partner co-sell 499 SAR Sprint (one shared client),Warm email (existing relationship),message_drafted,medium,مسودة لمسة — موافقة قبل الإرسال,"PLACEHOLDER identity — fill real contact from CRM. DRAFT only, founder approves before any send."
T107,هدف استراتيجي 47 — وكالة/خدمات,direct_b2b,KSA (fill city from CRM),CRM مليان بلا owner,"Direct B2B has undocumented, slow follow-up on inbound leads.",Rung 0/1,Free Diagnostic -> 499 SAR Sprint (governed),Warm email (existing relationship),message_drafted,medium,مسودة لمسة — موافقة قبل الإرسال,"PLACEHOLDER identity — fill real contact from CRM. DRAFT only, founder approves before any send."
T108,هدف استراتيجي 50 — وكالة/خدمات,executive_governance,KSA (fill city from CRM),AI بلا حوكمة,Executive needs a control-tower view over AI scale risk.,Rung 0/4,Executive Diagnostic -> Custom AI / Governance scope,Warm email (existing relationship),message_drafted,medium,مسودة لمسة — موافقة قبل الإرسال,"PLACEHOLDER identity — fill real contact from CRM. DRAFT only, founder approves before any send."
T109,هدف استراتيجي 53 — وكالة/خدمات,crm_partner,KSA (fill city from CRM),follow-up غير موثق,CRM/HubSpot partner needs a pre-implementation diagnostic layer.,Rung 0,Free Diagnostic (CRM-partner pre-implementation layer),Warm email (existing relationship),message_drafted,medium,مسودة لمسة — موافقة قبل الإرسال,"PLACEHOLDER identity — fill real contact from CRM. DRAFT only, founder approves before any send."
T110,هدف استراتيجي 56 — وكالة/خدمات,agency_wedge,KSA (fill city from CRM),العميل يسأل ماذا حدث بعد الحملة,Agency cannot show clients what happened after the campaign; weekly proof is missing.,Rung 0/1,Free Diagnostic -> 499 SAR Revenue Proof Sprint,Warm email (existing relationship),message_drafted,medium,مسودة لمسة — موافقة قبل الإرسال,"PLACEHOLDER identity — fill real contact from CRM. DRAFT only, founder approves before any send."
T111,هدف استراتيجي 59 — وكالة/خدمات,agency_partner,KSA (fill city from CRM),co-sell pilot واحد,Agency partner has one shared client ready for a co-sell pilot.,Rung 1,Partner co-sell 499 SAR Sprint (one shared client),Warm email (existing relationship),message_drafted,medium,مسودة لمسة — موافقة قبل الإرسال,"PLACEHOLDER identity — fill real contact from CRM. DRAFT only, founder approves before any send."
T112,هدف استراتيجي 62 — وكالة/خدمات,direct_b2b,KSA (fill city from CRM),CRM مليان بلا owner,"Direct B2B has undocumented, slow follow-up on inbound leads.",Rung 0/1,Free Diagnostic -> 499 SAR Sprint (governed),Warm email (existing relationship),message_drafted,medium,مسودة لمسة — موافقة قبل الإرسال,"PLACEHOLDER identity — fill real contact from CRM. DRAFT only, founder approves before any send."
T113,هدف استراتيجي 65 — وكالة/خدمات,executive_governance,KSA (fill city from CRM),AI بلا حوكمة,Executive needs a control-tower view over AI scale risk.,Rung 0/4,Executive Diagnostic -> Custom AI / Governance scope,Warm email (existing relationship),message_drafted,medium,مسودة لمسة — موافقة قبل الإرسال,"PLACEHOLDER identity — fill real contact from CRM. DRAFT only, founder approves before any send."
T114,هدف استراتيجي 68 — وكالة/خدمات,crm_partner,KSA (fill city from CRM),follow-up غير موثق,CRM/HubSpot partner needs a pre-implementation diagnostic layer.,Rung 0,Free Diagnostic (CRM-partner pre-implementation layer),Warm email (existing relationship),message_drafted,medium,مسودة لمسة — موافقة قبل الإرسال,"PLACEHOLDER identity — fill real contact from CRM. DRAFT only, founder approves before any send."
T115,هدف استراتيجي 71 — وكالة/خدمات,agency_wedge,KSA (fill city from CRM),العميل يسأل ماذا حدث بعد الحملة,Agency cannot show clients what happened after the campaign; weekly proof is missing.,Rung 0/1,Free Diagnostic -> 499 SAR Revenue Proof Sprint,Warm email (existing relationship),message_drafted,medium,مسودة لمسة — موافقة قبل الإرسال,"PLACEHOLDER identity — fill real contact from CRM. DRAFT only, founder approves before any send."
T116,هدف استراتيجي 74 — وكالة/خدمات,agency_partner,KSA (fill city from CRM),co-sell pilot واحد,Agency partner has one shared client ready for a co-sell pilot.,Rung 1,Partner co-sell 499 SAR Sprint (one shared client),Warm email (existing relationship),message_drafted,medium,مسودة لمسة — موافقة قبل الإرسال,"PLACEHOLDER identity — fill real contact from CRM. DRAFT only, founder approves before any send."
T117,هدف استراتيجي 77 — وكالة/خدمات,direct_b2b,KSA (fill city from CRM),CRM مليان بلا owner,"Direct B2B has undocumented, slow follow-up on inbound leads.",Rung 0/1,Free Diagnostic -> 499 SAR Sprint (governed),Warm email (existing relationship),message_drafted,medium,مسودة لمسة — موافقة قبل الإرسال,"PLACEHOLDER identity — fill real contact from CRM. DRAFT only, founder approves before any send."
T118,هدف استراتيجي 80 — وكالة/خدمات,executive_governance,KSA (fill city from CRM),AI بلا حوكمة,Executive needs a control-tower view over AI scale risk.,Rung 0/4,Executive Diagnostic -> Custom AI / Governance scope,Warm email (existing relationship),message_drafted,medium,مسودة لمسة — موافقة قبل الإرسال,"PLACEHOLDER identity — fill real contact from CRM. DRAFT only, founder approves before any send."
T119,هدف استراتيجي 83 — وكالة/خدمات,crm_partner,KSA (fill city from CRM),follow-up غير موثق,CRM/HubSpot partner needs a pre-implementation diagnostic layer.,Rung 0,Free Diagnostic (CRM-partner pre-implementation layer),Warm email (existing relationship),message_drafted,medium,مسودة لمسة — موافقة قبل الإرسال,"PLACEHOLDER identity — fill real contact from CRM. DRAFT only, founder approves before any send."
T120,هدف استراتيجي 91,agency_wedge,KSA (fill city from CRM),العميل يسأل عن ROI بعد الحملة,Agency cannot show clients what happened after the campaign; weekly proof is missing.,Rung 0/1,Free Diagnostic -> 499 SAR Revenue Proof Sprint,"LinkedIn manual DM (warm, founder-typed)",message_drafted,medium,مسودة — موافقة قبل الإرسال,"PLACEHOLDER identity — fill real contact from CRM. DRAFT only, founder approves before any send."
T121,هدف استراتيجي 106,logistics,KSA (fill city from CRM),عروض B2B بلا evidence,Logistics needs a governed diagnostic before any automation.,Rung 0,Free Diagnostic (CRM-partner pre-implementation layer),Warm email (existing relationship),message_drafted,medium,مسودة — موافقة قبل الإرسال,"PLACEHOLDER identity — fill real contact from CRM. DRAFT only, founder approves before any send."
T122,هدف استراتيجي 121,healthcare,KSA (fill city from CRM),متابعة مريض/عميل بلا owner,Healthcare B2B needs PDPL-safe handling of lead data.,Rung 0/1,Free Diagnostic -> 499 SAR Revenue Proof Sprint,"Phone (scheduled, warm)",message_drafted,medium,مسودة — موافقة قبل الإرسال,"PLACEHOLDER identity — fill real contact from CRM. DRAFT only, founder approves before any send."
T123,هدف استراتيجي 136,marketing_agency,KSA (fill city from CRM),ضغط inbound,Marketing agency lacks a weekly evidence loop for retained clients.,Rung 0/1,Free Diagnostic -> 499 SAR Revenue Proof Sprint,"LinkedIn manual DM (warm, founder-typed)",message_drafted,medium,مسودة — موافقة قبل الإرسال,"PLACEHOLDER identity — fill real contact from CRM. DRAFT only, founder approves before any send."
T124,هدف استراتيجي 151,healthcare,KSA (fill city from CRM),متابعة مريض/عميل بلا owner,Healthcare B2B needs PDPL-safe handling of lead data.,Rung 0/1,Free Diagnostic -> 499 SAR Revenue Proof Sprint,"Phone (scheduled, warm)",message_drafted,medium,مسودة — موافقة قبل الإرسال,"PLACEHOLDER identity — fill real contact from CRM. DRAFT only, founder approves before any send."
T125,هدف استراتيجي 166,crm_partner,KSA (fill city from CRM),تنفيذ CRM قبل التشخيص,CRM/HubSpot partner needs a pre-implementation diagnostic layer.,Rung 0,Free Diagnostic (CRM-partner pre-implementation layer),Warm email (existing relationship),message_drafted,medium,مسودة — موافقة قبل الإرسال,"PLACEHOLDER identity — fill real contact from CRM. DRAFT only, founder approves before any send."
T126,هدف استراتيجي 181,insurance,KSA (fill city from CRM),وثائق leads بلا إغلاق,Insurance B2B has slow first response on inbound quotes.,Rung 0/1,Free Diagnostic -> 499 SAR Revenue Proof Sprint,Warm email (existing relationship),message_drafted,medium,مسودة — موافقة قبل الإرسال,"PLACEHOLDER identity — fill real contact from CRM. DRAFT only, founder approves before any send."
T127,هدف استراتيجي 196,fintech,KSA (fill city from CRM),leads مالية بلا تسليم Proof,Fintech needs governed diagnostics under regulatory constraint.,Rung 0/1,Free Diagnostic -> 499 SAR Sprint (governed),Warm email (existing relationship),message_drafted,medium,مسودة — موافقة قبل الإرسال,"PLACEHOLDER identity — fill real contact from CRM. DRAFT only, founder approves before any send."
T128,هدف استراتيجي 211,saas,KSA (fill city from CRM),توسع AI بدون حوكمة,SaaS is scaling AI without governance; pipeline lacks evidence.,Rung 0/4,Executive Diagnostic -> Custom AI / Governance scope,"LinkedIn manual DM (warm, founder-typed)",message_drafted,medium,مسودة — موافقة قبل الإرسال,"PLACEHOLDER identity — fill real contact from CRM. DRAFT only, founder approves before any send."
T129,هدف استراتيجي 226,government_vendor,KSA (fill city from CRM),مناقصات بلا owner متابعة,Government vendor needs an AI governance review before scope.,Rung 0/4,Executive Diagnostic -> Custom AI / Governance scope,Partner / mutual introduction,message_drafted,medium,مسودة — موافقة قبل الإرسال,"PLACEHOLDER identity — fill real contact from CRM. DRAFT only, founder approves before any send."
T130,هدف استراتيجي 241,executive_governance,KSA (fill city from CRM),مخاطر توسع AI,Executive needs a control-tower view over AI scale risk.,Rung 0/4,Executive Diagnostic -> Custom AI / Governance scope,Partner / mutual introduction,message_drafted,medium,مسودة — موافقة قبل الإرسال,"PLACEHOLDER identity — fill real contact from CRM. DRAFT only, founder approves before any send."
T131,REPLACE:شريك CRM/HubSpot,crm_partner,KSA (fill city from CRM),يحتاج diagnostic قبل التنفيذ,CRM/HubSpot partner needs a pre-implementation diagnostic layer.,Rung 0,Free Diagnostic (CRM-partner pre-implementation layer),Warm email (existing relationship),not_contacted,medium,عرض Proof قبل التنفيذ,"PLACEHOLDER identity — fill real contact from CRM. DRAFT only, founder approves before any send."
T132,REPLACE:B2B خدمات معروفة,direct_b2b,KSA (fill city from CRM),follow-up غير موثق,"Direct B2B has undocumented, slow follow-up on inbound leads.",Rung 0/1,Free Diagnostic -> 499 SAR Sprint (governed),Warm email (existing relationship),not_contacted,medium,Discovery 30 دقيقة,"PLACEHOLDER identity — fill real contact from CRM. DRAFT only, founder approves before any send."
T133,REPLACE:استشاري نمو,consulting_firm,KSA (fill city from CRM),عملاء يطلبون أتمتة بلا حوكمة,Consulting clients ask for automation without governance; needs a safe diagnostic first.,Rung 1,499 SAR Revenue Proof Sprint (agency wedge),Warm email (existing relationship),not_contacted,medium,مسودة email warm,"PLACEHOLDER identity — fill real contact from CRM. DRAFT only, founder approves before any send."
T134,REPLACE:تقنية B2B,saas,KSA (fill city from CRM),Pipeline بلا evidence,SaaS is scaling AI without governance; pipeline lacks evidence.,Rung 0/1,Free Diagnostic -> 499 SAR Sprint (governed),"LinkedIn manual DM (warm, founder-typed)",not_contacted,medium,تعليق LinkedIn ثم DM,"PLACEHOLDER identity — fill real contact from CRM. DRAFT only, founder approves before any send."
T135,هدف warm 14,direct_b2b,KSA (fill city from CRM),slow first response,"Direct B2B has undocumented, slow follow-up on inbound leads.",Rung 0/1,Free Diagnostic -> 499 SAR Revenue Proof Sprint,Warm email (existing relationship),not_contacted,medium,مسودة,"PLACEHOLDER identity — fill real contact from CRM. DRAFT only, founder approves before any send."
T136,هدف warm 15,executive_governance,KSA (fill city from CRM),AI scale risk,Executive needs a control-tower view over AI scale risk.,Rung 0/4,Executive Diagnostic -> Custom AI / Governance scope,Partner / mutual introduction,not_contacted,medium,مسودة,"PLACEHOLDER identity — fill real contact from CRM. DRAFT only, founder approves before any send."
T137,هدف warm 16,crm_partner,KSA (fill city from CRM),pre-HubSpot diagnostic,CRM/HubSpot partner needs a pre-implementation diagnostic layer.,Rung 0,Free Diagnostic (CRM-partner pre-implementation layer),Warm email (existing relationship),not_contacted,medium,مسودة,"PLACEHOLDER identity — fill real contact from CRM. DRAFT only, founder approves before any send."
T138,هدف warm 19,saas,KSA (fill city from CRM),founder-led sales,SaaS is scaling AI without governance; pipeline lacks evidence.,Rung 0/1,Free Diagnostic -> 499 SAR Sprint (governed),Warm email (existing relationship),not_contacted,medium,مسودة,"PLACEHOLDER identity — fill real contact from CRM. DRAFT only, founder approves before any send."
T139,هدف warm 22,direct_b2b,KSA (fill city from CRM),CRM chaos,"Direct B2B has undocumented, slow follow-up on inbound leads.",Rung 0/1,Free Diagnostic -> 499 SAR Sprint (governed),Warm email (existing relationship),not_contacted,medium,مسودة,"PLACEHOLDER identity — fill real contact from CRM. DRAFT only, founder approves before any send."
T140,هدف warm 23,hospitality,KSA (fill city from CRM),MICE inquiries,Hospitality has booking inquiries with no clear owner.,Rung 0/1,Free Diagnostic -> 499 SAR Revenue Proof Sprint,"Phone (scheduled, warm)",not_contacted,medium,اتصال,"PLACEHOLDER identity — fill real contact from CRM. DRAFT only, founder approves before any send."
T141,هدف استراتيجي 100,marketing_agency,KSA (fill city from CRM),ضغط inbound,Marketing agency lacks a weekly evidence loop for retained clients.,Rung 0/1,Free Diagnostic -> 499 SAR Revenue Proof Sprint,"Inbound reply (await intake, then qualify)",not_contacted,medium,مسودة — موافقة قبل الإرسال,"PLACEHOLDER identity — fill real contact from CRM. DRAFT only, founder approves before any send."
T142,هدف استراتيجي 115,hospitality,KSA (fill city from CRM),استفسارات MICE بلا owner,Hospitality has booking inquiries with no clear owner.,Rung 0/1,Free Diagnostic -> 499 SAR Revenue Proof Sprint,"Phone (scheduled, warm)",not_contacted,medium,مسودة — موافقة قبل الإرسال,"PLACEHOLDER identity — fill real contact from CRM. DRAFT only, founder approves before any send."
T143,هدف استراتيجي 130,saas,KSA (fill city from CRM),توسع AI بدون حوكمة,SaaS is scaling AI without governance; pipeline lacks evidence.,Rung 0/4,Executive Diagnostic -> Custom AI / Governance scope,"Inbound reply (await intake, then qualify)",not_contacted,medium,مسودة — موافقة قبل الإرسال,"PLACEHOLDER identity — fill real contact from CRM. DRAFT only, founder approves before any send."
T144,هدف استراتيجي 145,agency_wedge,KSA (fill city from CRM),العميل يسأل عن ROI بعد الحملة,Agency cannot show clients what happened after the campaign; weekly proof is missing.,Rung 0/1,Free Diagnostic -> 499 SAR Revenue Proof Sprint,"Phone (scheduled, warm)",not_contacted,medium,مسودة — موافقة قبل الإرسال,"PLACEHOLDER identity — fill real contact from CRM. DRAFT only, founder approves before any send."
T145,هدف استراتيجي 160,construction,KSA (fill city from CRM),عروض مشاريع بلا متابعة,Construction B2B needs a governed diagnostic before automation.,Rung 0/1,Free Diagnostic -> 499 SAR Sprint (governed),"Inbound reply (await intake, then qualify)",not_contacted,medium,مسودة — موافقة قبل الإرسال,"PLACEHOLDER identity — fill real contact from CRM. DRAFT only, founder approves before any send."
T146,هدف استراتيجي 175,retail,KSA (fill city from CRM),حملات موسمية بلا إغلاق,Retail B2B lacks a structured proof loop on lead handling.,Rung 1,499 SAR Revenue Proof Sprint (agency wedge),"Phone (scheduled, warm)",not_contacted,medium,مسودة — موافقة قبل الإرسال,"PLACEHOLDER identity — fill real contact from CRM. DRAFT only, founder approves before any send."
T147,هدف استراتيجي 190,consulting_firm,KSA (fill city from CRM),عملاء يطلبون أتمتة بلا أدلة,Consulting clients ask for automation without governance; needs a safe diagnostic first.,Rung 1,499 SAR Revenue Proof Sprint (agency wedge),"Inbound reply (await intake, then qualify)",not_contacted,medium,مسودة — موافقة قبل الإرسال,"PLACEHOLDER identity — fill real contact from CRM. DRAFT only, founder approves before any send."
T148,هدف استراتيجي 205,telecom_b2b,KSA (fill city from CRM),حسابات enterprise بلا proof,Telecom B2B needs an executive diagnostic on AI scale risk.,Rung 0/4,Executive Diagnostic -> Custom AI / Governance scope,"Phone (scheduled, warm)",not_contacted,medium,مسودة — موافقة قبل الإرسال,"PLACEHOLDER identity — fill real contact from CRM. DRAFT only, founder approves before any send."
T149,هدف استراتيجي 220,healthcare,KSA (fill city from CRM),متابعة مريض/عميل بلا owner,Healthcare B2B needs PDPL-safe handling of lead data.,Rung 0/1,Free Diagnostic -> 499 SAR Revenue Proof Sprint,"Inbound reply (await intake, then qualify)",not_contacted,medium,مسودة — موافقة قبل الإرسال,"PLACEHOLDER identity — fill real contact from CRM. DRAFT only, founder approves before any send."
T150,هدف استراتيجي 235,crm_partner,KSA (fill city from CRM),تنفيذ CRM قبل التشخيص,CRM/HubSpot partner needs a pre-implementation diagnostic layer.,Rung 0,Free Diagnostic (CRM-partner pre-implementation layer),"Phone (scheduled, warm)",not_contacted,medium,مسودة — موافقة قبل الإرسال,"PLACEHOLDER identity — fill real contact from CRM. DRAFT only, founder approves before any send."
T151,هدف استراتيجي 250,insurance,KSA (fill city from CRM),وثائق leads بلا إغلاق,Insurance B2B has slow first response on inbound quotes.,Rung 0/1,Free Diagnostic -> 499 SAR Revenue Proof Sprint,"Inbound reply (await intake, then qualify)",not_contacted,medium,مسودة — موافقة قبل الإرسال,"PLACEHOLDER identity — fill real contact from CRM. DRAFT only, founder approves before any send."
T152,REPLACE:قاعة/فندق B2B,hospitality,KSA (fill city from CRM),استفسارات حجز بلا owner,Hospitality has booking inquiries with no clear owner.,Rung 0/1,Free Diagnostic -> 499 SAR Revenue Proof Sprint,"Inbound reply (await intake, then qualify)",replied,medium,إرسال Risk Score,"PLACEHOLDER identity — fill real contact from CRM. DRAFT only, founder approves before any send."
T153,هدف استراتيجي 88,logistics,KSA (fill city from CRM),عروض B2B بلا evidence,Logistics needs a governed diagnostic before any automation.,Rung 0,Free Diagnostic (CRM-partner pre-implementation layer),Warm email (existing relationship),replied,medium,مسودة — موافقة قبل الإرسال,"PLACEHOLDER identity — fill real contact from CRM. DRAFT only, founder approves before any send."
T154,هدف استراتيجي 103,healthcare,KSA (fill city from CRM),متابعة مريض/عميل بلا owner,Healthcare B2B needs PDPL-safe handling of lead data.,Rung 0/1,Free Diagnostic -> 499 SAR Revenue Proof Sprint,"Phone (scheduled, warm)",replied,medium,مسودة — موافقة قبل الإرسال,"PLACEHOLDER identity — fill real contact from CRM. DRAFT only, founder approves before any send."
T155,هدف استراتيجي 118,marketing_agency,KSA (fill city from CRM),ضغط inbound,Marketing agency lacks a weekly evidence loop for retained clients.,Rung 0/1,Free Diagnostic -> 499 SAR Revenue Proof Sprint,"LinkedIn manual DM (warm, founder-typed)",replied,medium,مسودة — موافقة قبل الإرسال,"PLACEHOLDER identity — fill real contact from CRM. DRAFT only, founder approves before any send."
T156,هدف استراتيجي 133,hospitality,KSA (fill city from CRM),استفسارات MICE بلا owner,Hospitality has booking inquiries with no clear owner.,Rung 0/1,Free Diagnostic -> 499 SAR Revenue Proof Sprint,"Phone (scheduled, warm)",replied,medium,مسودة — موافقة قبل الإرسال,"PLACEHOLDER identity — fill real contact from CRM. DRAFT only, founder approves before any send."
T157,هدف استراتيجي 148,saas,KSA (fill city from CRM),توسع AI بدون حوكمة,SaaS is scaling AI without governance; pipeline lacks evidence.,Rung 0/4,Executive Diagnostic -> Custom AI / Governance scope,"LinkedIn manual DM (warm, founder-typed)",replied,medium,مسودة — موافقة قبل الإرسال,"PLACEHOLDER identity — fill real contact from CRM. DRAFT only, founder approves before any send."
T158,هدف استراتيجي 163,agency_wedge,KSA (fill city from CRM),لا proof أسبوعي للعميل,Agency cannot show clients what happened after the campaign; weekly proof is missing.,Rung 1,499 SAR Revenue Proof Sprint (agency wedge),Warm email (existing relationship),replied,medium,مسودة — موافقة قبل الإرسال,"PLACEHOLDER identity — fill real contact from CRM. DRAFT only, founder approves before any send."
T159,هدف استراتيجي 178,media_buying,KSA (fill city from CRM),تقارير media بلا post-lead ops,Media-buying lacks post-campaign proof for clients.,Rung 0/1,Free Diagnostic -> 499 SAR Revenue Proof Sprint,"LinkedIn manual DM (warm, founder-typed)",replied,medium,مسودة — موافقة قبل الإرسال,"PLACEHOLDER identity — fill real contact from CRM. DRAFT only, founder approves before any send."
T160,هدف استراتيجي 193,agency_partner,KSA (fill city from CRM),co-sell عميل واحد,Agency partner has one shared client ready for a co-sell pilot.,Rung 1,Partner co-sell 499 SAR Sprint (one shared client),Partner / mutual introduction,replied,medium,مسودة — موافقة قبل الإرسال,"PLACEHOLDER identity — fill real contact from CRM. DRAFT only, founder approves before any send."
T161,هدف استراتيجي 208,agency_wedge,KSA (fill city from CRM),العميل يسأل عن ROI بعد الحملة,Agency cannot show clients what happened after the campaign; weekly proof is missing.,Rung 0/1,Free Diagnostic -> 499 SAR Revenue Proof Sprint,"LinkedIn manual DM (warm, founder-typed)",replied,medium,مسودة — موافقة قبل الإرسال,"PLACEHOLDER identity — fill real contact from CRM. DRAFT only, founder approves before any send."
T162,هدف استراتيجي 223,logistics,KSA (fill city from CRM),عروض B2B بلا evidence,Logistics needs a governed diagnostic before any automation.,Rung 0,Free Diagnostic (CRM-partner pre-implementation layer),Warm email (existing relationship),replied,medium,مسودة — موافقة قبل الإرسال,"PLACEHOLDER identity — fill real contact from CRM. DRAFT only, founder approves before any send."
T163,هدف استراتيجي 238,real_estate_developer,KSA (fill city from CRM),جودة leads inbound,Real-estate developer is slow to respond to inbound leads.,Rung 0/1,Free Diagnostic -> 499 SAR Revenue Proof Sprint,Warm email (existing relationship),replied,medium,مسودة — موافقة قبل الإرسال,"PLACEHOLDER identity — fill real contact from CRM. DRAFT only, founder approves before any send."
T164,هدف استراتيجي 97,hospitality,KSA (fill city from CRM),استفسارات MICE بلا owner,Hospitality has booking inquiries with no clear owner.,Rung 0/1,Free Diagnostic -> 499 SAR Revenue Proof Sprint,"Phone (scheduled, warm)",sent_manual,medium,مسودة — موافقة قبل الإرسال,"PLACEHOLDER identity — fill real contact from CRM. DRAFT only, founder approves before any send."
T165,هدف استراتيجي 112,saas,KSA (fill city from CRM),توسع AI بدون حوكمة,SaaS is scaling AI without governance; pipeline lacks evidence.,Rung 0/4,Executive Diagnostic -> Custom AI / Governance scope,"LinkedIn manual DM (warm, founder-typed)",sent_manual,medium,مسودة — موافقة قبل الإرسال,"PLACEHOLDER identity — fill real contact from CRM. DRAFT only, founder approves before any send."
T166,هدف استراتيجي 127,agency_wedge,KSA (fill city from CRM),العميل يسأل عن ROI بعد الحملة,Agency cannot show clients what happened after the campaign; weekly proof is missing.,Rung 0/1,Free Diagnostic -> 499 SAR Revenue Proof Sprint,"LinkedIn manual DM (warm, founder-typed)",sent_manual,medium,مسودة — موافقة قبل الإرسال,"PLACEHOLDER identity — fill real contact from CRM. DRAFT only, founder approves before any send."
T167,هدف استراتيجي 142,logistics,KSA (fill city from CRM),عروض B2B بلا evidence,Logistics needs a governed diagnostic before any automation.,Rung 0,Free Diagnostic (CRM-partner pre-implementation layer),Warm email (existing relationship),sent_manual,medium,مسودة — موافقة قبل الإرسال,"PLACEHOLDER identity — fill real contact from CRM. DRAFT only, founder approves before any send."
T168,هدف استراتيجي 157,government_vendor,KSA (fill city from CRM),مناقصات بلا owner متابعة,Government vendor needs an AI governance review before scope.,Rung 0/4,Executive Diagnostic -> Custom AI / Governance scope,Partner / mutual introduction,sent_manual,medium,مسودة — موافقة قبل الإرسال,"PLACEHOLDER identity — fill real contact from CRM. DRAFT only, founder approves before any send."
T169,هدف استراتيجي 172,executive_governance,KSA (fill city from CRM),مخاطر توسع AI,Executive needs a control-tower view over AI scale risk.,Rung 0/4,Executive Diagnostic -> Custom AI / Governance scope,Partner / mutual introduction,sent_manual,medium,مسودة — موافقة قبل الإرسال,"PLACEHOLDER identity — fill real contact from CRM. DRAFT only, founder approves before any send."
T170,هدف استراتيجي 187,direct_b2b,KSA (fill city from CRM),متابعة أولى بطيئة,"Direct B2B has undocumented, slow follow-up on inbound leads.",Rung 0/1,Free Diagnostic -> 499 SAR Sprint (governed),Warm email (existing relationship),sent_manual,medium,مسودة — موافقة قبل الإرسال,"PLACEHOLDER identity — fill real contact from CRM. DRAFT only, founder approves before any send."
T171,هدف استراتيجي 202,ecommerce,KSA (fill city from CRM),سلة متروكة بلا قرار إيراد,E-commerce pipeline lacks evidence on lead conversion.,Rung 0/1,Free Diagnostic -> 499 SAR Sprint (governed),Warm email (existing relationship),sent_manual,medium,مسودة — موافقة قبل الإرسال,"PLACEHOLDER identity — fill real contact from CRM. DRAFT only, founder approves before any send."
T172,هدف استراتيجي 217,marketing_agency,KSA (fill city from CRM),ضغط inbound,Marketing agency lacks a weekly evidence loop for retained clients.,Rung 0/1,Free Diagnostic -> 499 SAR Revenue Proof Sprint,"LinkedIn manual DM (warm, founder-typed)",sent_manual,medium,مسودة — موافقة قبل الإرسال,"PLACEHOLDER identity — fill real contact from CRM. DRAFT only, founder approves before any send."
T173,هدف استراتيجي 232,agency_wedge,KSA (fill city from CRM),لا proof أسبوعي للعميل,Agency cannot show clients what happened after the campaign; weekly proof is missing.,Rung 1,499 SAR Revenue Proof Sprint (agency wedge),Warm email (existing relationship),sent_manual,medium,مسودة — موافقة قبل الإرسال,"PLACEHOLDER identity — fill real contact from CRM. DRAFT only, founder approves before any send."
T174,هدف استراتيجي 247,media_buying,KSA (fill city from CRM),تقارير media بلا post-lead ops,Media-buying lacks post-campaign proof for clients.,Rung 0/1,Free Diagnostic -> 499 SAR Revenue Proof Sprint,"LinkedIn manual DM (warm, founder-typed)",sent_manual,medium,مسودة — موافقة قبل الإرسال,"PLACEHOLDER identity — fill real contact from CRM. DRAFT only, founder approves before any send."
T175,هدف استراتيجي 89,media_buying,KSA (fill city from CRM),تقارير media بلا post-lead ops,Media-buying lacks post-campaign proof for clients.,Rung 0/1,Free Diagnostic -> 499 SAR Revenue Proof Sprint,"LinkedIn manual DM (warm, founder-typed)",meeting_booked,low,مسودة — موافقة قبل الإرسال,"PLACEHOLDER identity — fill real contact from CRM. DRAFT only, founder approves before any send."
T176,هدف استراتيجي 104,retail,KSA (fill city from CRM),حملات موسمية بلا إغلاق,Retail B2B lacks a structured proof loop on lead handling.,Rung 1,499 SAR Revenue Proof Sprint (agency wedge),"LinkedIn manual DM (warm, founder-typed)",meeting_booked,low,مسودة — موافقة قبل الإرسال,"PLACEHOLDER identity — fill real contact from CRM. DRAFT only, founder approves before any send."
T177,هدف استراتيجي 119,executive_governance,KSA (fill city from CRM),مخاطر توسع AI,Executive needs a control-tower view over AI scale risk.,Rung 0/4,Executive Diagnostic -> Custom AI / Governance scope,Partner / mutual introduction,meeting_booked,low,مسودة — موافقة قبل الإرسال,"PLACEHOLDER identity — fill real contact from CRM. DRAFT only, founder approves before any send."
T178,هدف استراتيجي 134,real_estate_developer,KSA (fill city from CRM),جودة leads inbound,Real-estate developer is slow to respond to inbound leads.,Rung 0/1,Free Diagnostic -> 499 SAR Revenue Proof Sprint,Warm email (existing relationship),meeting_booked,low,مسودة — موافقة قبل الإرسال,"PLACEHOLDER identity — fill real contact from CRM. DRAFT only, founder approves before any send."
T179,هدف استراتيجي 149,crm_partner,KSA (fill city from CRM),تنفيذ CRM قبل التشخيص,CRM/HubSpot partner needs a pre-implementation diagnostic layer.,Rung 0,Free Diagnostic (CRM-partner pre-implementation layer),Warm email (existing relationship),meeting_booked,low,مسودة — موافقة قبل الإرسال,"PLACEHOLDER identity — fill real contact from CRM. DRAFT only, founder approves before any send."
T180,هدف استراتيجي 164,direct_b2b,KSA (fill city from CRM),متابعة أولى بطيئة,"Direct B2B has undocumented, slow follow-up on inbound leads.",Rung 0/1,Free Diagnostic -> 499 SAR Sprint (governed),Warm email (existing relationship),meeting_booked,low,مسودة — موافقة قبل الإرسال,"PLACEHOLDER identity — fill real contact from CRM. DRAFT only, founder approves before any send."
T181,هدف استراتيجي 179,ecommerce,KSA (fill city from CRM),سلة متروكة بلا قرار إيراد,E-commerce pipeline lacks evidence on lead conversion.,Rung 0/1,Free Diagnostic -> 499 SAR Sprint (governed),Warm email (existing relationship),meeting_booked,low,مسودة — موافقة قبل الإرسال,"PLACEHOLDER identity — fill real contact from CRM. DRAFT only, founder approves before any send."
T182,هدف استراتيجي 194,marketing_agency,KSA (fill city from CRM),ضغط inbound,Marketing agency lacks a weekly evidence loop for retained clients.,Rung 0/1,Free Diagnostic -> 499 SAR Revenue Proof Sprint,"LinkedIn manual DM (warm, founder-typed)",meeting_booked,low,مسودة — موافقة قبل الإرسال,"PLACEHOLDER identity — fill real contact from CRM. DRAFT only, founder approves before any send."
T183,هدف استراتيجي 209,agency_wedge,KSA (fill city from CRM),لا proof أسبوعي للعميل,Agency cannot show clients what happened after the campaign; weekly proof is missing.,Rung 1,499 SAR Revenue Proof Sprint (agency wedge),Warm email (existing relationship),meeting_booked,low,مسودة — موافقة قبل الإرسال,"PLACEHOLDER identity — fill real contact from CRM. DRAFT only, founder approves before any send."
T184,هدف استراتيجي 224,media_buying,KSA (fill city from CRM),تقارير media بلا post-lead ops,Media-buying lacks post-campaign proof for clients.,Rung 0/1,Free Diagnostic -> 499 SAR Revenue Proof Sprint,"LinkedIn manual DM (warm, founder-typed)",meeting_booked,low,مسودة — موافقة قبل الإرسال,"PLACEHOLDER identity — fill real contact from CRM. DRAFT only, founder approves before any send."
T185,هدف استراتيجي 239,agency_partner,KSA (fill city from CRM),co-sell عميل واحد,Agency partner has one shared client ready for a co-sell pilot.,Rung 1,Partner co-sell 499 SAR Sprint (one shared client),Partner / mutual introduction,meeting_booked,low,مسودة — موافقة قبل الإرسال,"PLACEHOLDER identity — fill real contact from CRM. DRAFT only, founder approves before any send."
T186,هدف استراتيجي 86,retail,KSA (fill city from CRM),حملات موسمية بلا إغلاق,Retail B2B lacks a structured proof loop on lead handling.,Rung 1,499 SAR Revenue Proof Sprint (agency wedge),"LinkedIn manual DM (warm, founder-typed)",message_drafted,low,مسودة — موافقة قبل الإرسال,"PLACEHOLDER identity — fill real contact from CRM. DRAFT only, founder approves before any send."
T187,هدف استراتيجي 101,executive_governance,KSA (fill city from CRM),مخاطر توسع AI,Executive needs a control-tower view over AI scale risk.,Rung 0/4,Executive Diagnostic -> Custom AI / Governance scope,Partner / mutual introduction,message_drafted,low,مسودة — موافقة قبل الإرسال,"PLACEHOLDER identity — fill real contact from CRM. DRAFT only, founder approves before any send."
T188,هدف استراتيجي 116,real_estate_developer,KSA (fill city from CRM),جودة leads inbound,Real-estate developer is slow to respond to inbound leads.,Rung 0/1,Free Diagnostic -> 499 SAR Revenue Proof Sprint,Warm email (existing relationship),message_drafted,low,مسودة — موافقة قبل الإرسال,"PLACEHOLDER identity — fill real contact from CRM. DRAFT only, founder approves before any send."
T189,هدف استراتيجي 131,crm_partner,KSA (fill city from CRM),تنفيذ CRM قبل التشخيص,CRM/HubSpot partner needs a pre-implementation diagnostic layer.,Rung 0,Free Diagnostic (CRM-partner pre-implementation layer),Warm email (existing relationship),message_drafted,low,مسودة — موافقة قبل الإرسال,"PLACEHOLDER identity — fill real contact from CRM. DRAFT only, founder approves before any send."
T190,هدف استراتيجي 146,agency_wedge,KSA (fill city from CRM),لا proof أسبوعي للعميل,Agency cannot show clients what happened after the campaign; weekly proof is missing.,Rung 1,499 SAR Revenue Proof Sprint (agency wedge),Warm email (existing relationship),message_drafted,low,مسودة — موافقة قبل الإرسال,"PLACEHOLDER identity — fill real contact from CRM. DRAFT only, founder approves before any send."
T191,هدف استراتيجي 161,automotive_dealer,KSA (fill city from CRM),استفسارات showrooms,Automotive dealer has slow inbound lead follow-up.,Rung 0/1,Free Diagnostic -> 499 SAR Revenue Proof Sprint,"Inbound reply (await intake, then qualify)",message_drafted,low,مسودة — موافقة قبل الإرسال,"PLACEHOLDER identity — fill real contact from CRM. DRAFT only, founder approves before any send."
T192,هدف استراتيجي 176,education,KSA (fill city from CRM),تسجيل inbound بلا متابعة,Education B2B has unowned enrolment inquiries.,Rung 0/1,Free Diagnostic -> 499 SAR Revenue Proof Sprint,"Inbound reply (await intake, then qualify)",message_drafted,low,مسودة — موافقة قبل الإرسال,"PLACEHOLDER identity — fill real contact from CRM. DRAFT only, founder approves before any send."
T193,هدف استراتيجي 191,hospitality,KSA (fill city from CRM),استفسارات MICE بلا owner,Hospitality has booking inquiries with no clear owner.,Rung 0/1,Free Diagnostic -> 499 SAR Revenue Proof Sprint,"Phone (scheduled, warm)",message_drafted,low,مسودة — موافقة قبل الإرسال,"PLACEHOLDER identity — fill real contact from CRM. DRAFT only, founder approves before any send."
T194,هدف استراتيجي 206,construction,KSA (fill city from CRM),عروض مشاريع بلا متابعة,Construction B2B needs a governed diagnostic before automation.,Rung 0/1,Free Diagnostic -> 499 SAR Sprint (governed),"Phone (scheduled, warm)",message_drafted,low,مسودة — موافقة قبل الإرسال,"PLACEHOLDER identity — fill real contact from CRM. DRAFT only, founder approves before any send."
T195,هدف استراتيجي 221,retail,KSA (fill city from CRM),حملات موسمية بلا إغلاق,Retail B2B lacks a structured proof loop on lead handling.,Rung 1,499 SAR Revenue Proof Sprint (agency wedge),"LinkedIn manual DM (warm, founder-typed)",message_drafted,low,مسودة — موافقة قبل الإرسال,"PLACEHOLDER identity — fill real contact from CRM. DRAFT only, founder approves before any send."
T196,هدف استراتيجي 236,consulting_firm,KSA (fill city from CRM),عملاء يطلبون أتمتة بلا أدلة,Consulting clients ask for automation without governance; needs a safe diagnostic first.,Rung 1,499 SAR Revenue Proof Sprint (agency wedge),Warm email (existing relationship),message_drafted,low,مسودة — موافقة قبل الإرسال,"PLACEHOLDER identity — fill real contact from CRM. DRAFT only, founder approves before any send."
T197,هدف استراتيجي 95,crm_partner,KSA (fill city from CRM),تنفيذ CRM قبل التشخيص,CRM/HubSpot partner needs a pre-implementation diagnostic layer.,Rung 0,Free Diagnostic (CRM-partner pre-implementation layer),"Phone (scheduled, warm)",not_contacted,low,مسودة — موافقة قبل الإرسال,"PLACEHOLDER identity — fill real contact from CRM. DRAFT only, founder approves before any send."
T198,هدف استراتيجي 110,agency_wedge,KSA (fill city from CRM),لا proof أسبوعي للعميل,Agency cannot show clients what happened after the campaign; weekly proof is missing.,Rung 1,499 SAR Revenue Proof Sprint (agency wedge),"Inbound reply (await intake, then qualify)",not_contacted,low,مسودة — موافقة قبل الإرسال,"PLACEHOLDER identity — fill real contact from CRM. DRAFT only, founder approves before any send."
T199,هدف استراتيجي 125,media_buying,KSA (fill city from CRM),تقارير media بلا post-lead ops,Media-buying lacks post-campaign proof for clients.,Rung 0/1,Free Diagnostic -> 499 SAR Revenue Proof Sprint,"Phone (scheduled, warm)",not_contacted,low,مسودة — موافقة قبل الإرسال,"PLACEHOLDER identity — fill real contact from CRM. DRAFT only, founder approves before any send."
T200,هدف استراتيجي 140,retail,KSA (fill city from CRM),حملات موسمية بلا إغلاق,Retail B2B lacks a structured proof loop on lead handling.,Rung 1,499 SAR Revenue Proof Sprint (agency wedge),"Inbound reply (await intake, then qualify)",not_contacted,low,مسودة — موافقة قبل الإرسال,"PLACEHOLDER identity — fill real contact from CRM. DRAFT only, founder approves before any send."
T201,هدف استراتيجي 155,media_buying,KSA (fill city from CRM),تقارير media بلا post-lead ops,Media-buying lacks post-campaign proof for clients.,Rung 0/1,Free Diagnostic -> 499 SAR Revenue Proof Sprint,"Phone (scheduled, warm)",not_contacted,low,مسودة — موافقة قبل الإرسال,"PLACEHOLDER identity — fill real contact from CRM. DRAFT only, founder approves before any send."
T202,هدف استراتيجي 170,agency_partner,KSA (fill city from CRM),co-sell عميل واحد,Agency partner has one shared client ready for a co-sell pilot.,Rung 1,Partner co-sell 499 SAR Sprint (one shared client),"Inbound reply (await intake, then qualify)",not_contacted,low,مسودة — موافقة قبل الإرسال,"PLACEHOLDER identity — fill real contact from CRM. DRAFT only, founder approves before any send."
T203,هدف استراتيجي 185,agency_wedge,KSA (fill city from CRM),العميل يسأل عن ROI بعد الحملة,Agency cannot show clients what happened after the campaign; weekly proof is missing.,Rung 0/1,Free Diagnostic -> 499 SAR Revenue Proof Sprint,"Phone (scheduled, warm)",not_contacted,low,مسودة — موافقة قبل الإرسال,"PLACEHOLDER identity — fill real contact from CRM. DRAFT only, founder approves before any send."
T204,هدف استراتيجي 200,logistics,KSA (fill city from CRM),عروض B2B بلا evidence,Logistics needs a governed diagnostic before any automation.,Rung 0,Free Diagnostic (CRM-partner pre-implementation layer),"Inbound reply (await intake, then qualify)",not_contacted,low,مسودة — موافقة قبل الإرسال,"PLACEHOLDER identity — fill real contact from CRM. DRAFT only, founder approves before any send."
T205,هدف استراتيجي 215,real_estate_developer,KSA (fill city from CRM),جودة leads inbound,Real-estate developer is slow to respond to inbound leads.,Rung 0/1,Free Diagnostic -> 499 SAR Revenue Proof Sprint,"Phone (scheduled, warm)",not_contacted,low,مسودة — موافقة قبل الإرسال,"PLACEHOLDER identity — fill real contact from CRM. DRAFT only, founder approves before any send."
T206,هدف استراتيجي 230,automotive_dealer,KSA (fill city from CRM),استفسارات showrooms,Automotive dealer has slow inbound lead follow-up.,Rung 0/1,Free Diagnostic -> 499 SAR Revenue Proof Sprint,"Inbound reply (await intake, then qualify)",not_contacted,low,مسودة — موافقة قبل الإرسال,"PLACEHOLDER identity — fill real contact from CRM. DRAFT only, founder approves before any send."
T207,هدف استراتيجي 245,education,KSA (fill city from CRM),تسجيل inbound بلا متابعة,Education B2B has unowned enrolment inquiries.,Rung 0/1,Free Diagnostic -> 499 SAR Revenue Proof Sprint,"Phone (scheduled, warm)",not_contacted,low,مسودة — موافقة قبل الإرسال,"PLACEHOLDER identity — fill real contact from CRM. DRAFT only, founder approves before any send."
T208,هدف استراتيجي 27 — وكالة/خدمات,direct_b2b,KSA (fill city from CRM),CRM مليان بلا owner,"Direct B2B has undocumented, slow follow-up on inbound leads.",Rung 0/1,Free Diagnostic -> 499 SAR Sprint (governed),Partner / mutual introduction,replied,low,مسودة لمسة — موافقة قبل الإرسال,"PLACEHOLDER identity — fill real contact from CRM. DRAFT only, founder approves before any send."
T209,هدف استراتيجي 30 — وكالة/خدمات,executive_governance,KSA (fill city from CRM),AI بلا حوكمة,Executive needs a control-tower view over AI scale risk.,Rung 0/4,Executive Diagnostic -> Custom AI / Governance scope,Partner / mutual introduction,replied,low,مسودة لمسة — موافقة قبل الإرسال,"PLACEHOLDER identity — fill real contact from CRM. DRAFT only, founder approves before any send."
T210,هدف استراتيجي 33 — وكالة/خدمات,crm_partner,KSA (fill city from CRM),follow-up غير موثق,CRM/HubSpot partner needs a pre-implementation diagnostic layer.,Rung 0,Free Diagnostic (CRM-partner pre-implementation layer),Partner / mutual introduction,replied,low,مسودة لمسة — موافقة قبل الإرسال,"PLACEHOLDER identity — fill real contact from CRM. DRAFT only, founder approves before any send."
T211,هدف استراتيجي 36 — وكالة/خدمات,agency_wedge,KSA (fill city from CRM),العميل يسأل ماذا حدث بعد الحملة,Agency cannot show clients what happened after the campaign; weekly proof is missing.,Rung 0/1,Free Diagnostic -> 499 SAR Revenue Proof Sprint,Partner / mutual introduction,replied,low,مسودة لمسة — موافقة قبل الإرسال,"PLACEHOLDER identity — fill real contact from CRM. DRAFT only, founder approves before any send."
T212,هدف استراتيجي 39 — وكالة/خدمات,agency_partner,KSA (fill city from CRM),co-sell pilot واحد,Agency partner has one shared client ready for a co-sell pilot.,Rung 1,Partner co-sell 499 SAR Sprint (one shared client),Partner / mutual introduction,replied,low,مسودة لمسة — موافقة قبل الإرسال,"PLACEHOLDER identity — fill real contact from CRM. DRAFT only, founder approves before any send."
T213,هدف استراتيجي 42 — وكالة/خدمات,direct_b2b,KSA (fill city from CRM),CRM مليان بلا owner,"Direct B2B has undocumented, slow follow-up on inbound leads.",Rung 0/1,Free Diagnostic -> 499 SAR Sprint (governed),Partner / mutual introduction,replied,low,مسودة لمسة — موافقة قبل الإرسال,"PLACEHOLDER identity — fill real contact from CRM. DRAFT only, founder approves before any send."
T214,هدف استراتيجي 45 — وكالة/خدمات,executive_governance,KSA (fill city from CRM),AI بلا حوكمة,Executive needs a control-tower view over AI scale risk.,Rung 0/4,Executive Diagnostic -> Custom AI / Governance scope,Partner / mutual introduction,replied,low,مسودة لمسة — موافقة قبل الإرسال,"PLACEHOLDER identity — fill real contact from CRM. DRAFT only, founder approves before any send."
T215,هدف استراتيجي 48 — وكالة/خدمات,crm_partner,KSA (fill city from CRM),follow-up غير موثق,CRM/HubSpot partner needs a pre-implementation diagnostic layer.,Rung 0,Free Diagnostic (CRM-partner pre-implementation layer),Partner / mutual introduction,replied,low,مسودة لمسة — موافقة قبل الإرسال,"PLACEHOLDER identity — fill real contact from CRM. DRAFT only, founder approves before any send."
T216,هدف استراتيجي 51 — وكالة/خدمات,agency_wedge,KSA (fill city from CRM),العميل يسأل ماذا حدث بعد الحملة,Agency cannot show clients what happened after the campaign; weekly proof is missing.,Rung 0/1,Free Diagnostic -> 499 SAR Revenue Proof Sprint,Partner / mutual introduction,replied,low,مسودة لمسة — موافقة قبل الإرسال,"PLACEHOLDER identity — fill real contact from CRM. DRAFT only, founder approves before any send."
T217,هدف استراتيجي 54 — وكالة/خدمات,agency_partner,KSA (fill city from CRM),co-sell pilot واحد,Agency partner has one shared client ready for a co-sell pilot.,Rung 1,Partner co-sell 499 SAR Sprint (one shared client),Partner / mutual introduction,replied,low,مسودة لمسة — موافقة قبل الإرسال,"PLACEHOLDER identity — fill real contact from CRM. DRAFT only, founder approves before any send."
T218,هدف استراتيجي 57 — وكالة/خدمات,direct_b2b,KSA (fill city from CRM),CRM مليان بلا owner,"Direct B2B has undocumented, slow follow-up on inbound leads.",Rung 0/1,Free Diagnostic -> 499 SAR Sprint (governed),Partner / mutual introduction,replied,low,مسودة لمسة — موافقة قبل الإرسال,"PLACEHOLDER identity — fill real contact from CRM. DRAFT only, founder approves before any send."
T219,هدف استراتيجي 60 — وكالة/خدمات,executive_governance,KSA (fill city from CRM),AI بلا حوكمة,Executive needs a control-tower view over AI scale risk.,Rung 0/4,Executive Diagnostic -> Custom AI / Governance scope,Partner / mutual introduction,replied,low,مسودة لمسة — موافقة قبل الإرسال,"PLACEHOLDER identity — fill real contact from CRM. DRAFT only, founder approves before any send."
T220,هدف استراتيجي 63 — وكالة/خدمات,crm_partner,KSA (fill city from CRM),follow-up غير موثق,CRM/HubSpot partner needs a pre-implementation diagnostic layer.,Rung 0,Free Diagnostic (CRM-partner pre-implementation layer),Partner / mutual introduction,replied,low,مسودة لمسة — موافقة قبل الإرسال,"PLACEHOLDER identity — fill real contact from CRM. DRAFT only, founder approves before any send."
T221,هدف استراتيجي 66 — وكالة/خدمات,agency_wedge,KSA (fill city from CRM),العميل يسأل ماذا حدث بعد الحملة,Agency cannot show clients what happened after the campaign; weekly proof is missing.,Rung 0/1,Free Diagnostic -> 499 SAR Revenue Proof Sprint,Partner / mutual introduction,replied,low,مسودة لمسة — موافقة قبل الإرسال,"PLACEHOLDER identity — fill real contact from CRM. DRAFT only, founder approves before any send."
T222,هدف استراتيجي 69 — وكالة/خدمات,agency_partner,KSA (fill city from CRM),co-sell pilot واحد,Agency partner has one shared client ready for a co-sell pilot.,Rung 1,Partner co-sell 499 SAR Sprint (one shared client),Partner / mutual introduction,replied,low,مسودة لمسة — موافقة قبل الإرسال,"PLACEHOLDER identity — fill real contact from CRM. DRAFT only, founder approves before any send."
T223,هدف استراتيجي 72 — وكالة/خدمات,direct_b2b,KSA (fill city from CRM),CRM مليان بلا owner,"Direct B2B has undocumented, slow follow-up on inbound leads.",Rung 0/1,Free Diagnostic -> 499 SAR Sprint (governed),Partner / mutual introduction,replied,low,مسودة لمسة — موافقة قبل الإرسال,"PLACEHOLDER identity — fill real contact from CRM. DRAFT only, founder approves before any send."
T224,هدف استراتيجي 75 — وكالة/خدمات,executive_governance,KSA (fill city from CRM),AI بلا حوكمة,Executive needs a control-tower view over AI scale risk.,Rung 0/4,Executive Diagnostic -> Custom AI / Governance scope,Partner / mutual introduction,replied,low,مسودة لمسة — موافقة قبل الإرسال,"PLACEHOLDER identity — fill real contact from CRM. DRAFT only, founder approves before any send."
T225,هدف استراتيجي 78 — وكالة/خدمات,crm_partner,KSA (fill city from CRM),follow-up غير موثق,CRM/HubSpot partner needs a pre-implementation diagnostic layer.,Rung 0,Free Diagnostic (CRM-partner pre-implementation layer),Partner / mutual introduction,replied,low,مسودة لمسة — موافقة قبل الإرسال,"PLACEHOLDER identity — fill real contact from CRM. DRAFT only, founder approves before any send."
T226,هدف استراتيجي 81 — وكالة/خدمات,agency_wedge,KSA (fill city from CRM),العميل يسأل ماذا حدث بعد الحملة,Agency cannot show clients what happened after the campaign; weekly proof is missing.,Rung 0/1,Free Diagnostic -> 499 SAR Revenue Proof Sprint,Partner / mutual introduction,replied,low,مسودة لمسة — موافقة قبل الإرسال,"PLACEHOLDER identity — fill real contact from CRM. DRAFT only, founder approves before any send."
T227,هدف استراتيجي 84 — وكالة/خدمات,agency_partner,KSA (fill city from CRM),co-sell pilot واحد,Agency partner has one shared client ready for a co-sell pilot.,Rung 1,Partner co-sell 499 SAR Sprint (one shared client),Partner / mutual introduction,replied,low,مسودة لمسة — موافقة قبل الإرسال,"PLACEHOLDER identity — fill real contact from CRM. DRAFT only, founder approves before any send."
T228,هدف استراتيجي 98,real_estate_developer,KSA (fill city from CRM),جودة leads inbound,Real-estate developer is slow to respond to inbound leads.,Rung 0/1,Free Diagnostic -> 499 SAR Revenue Proof Sprint,Warm email (existing relationship),replied,low,مسودة — موافقة قبل الإرسال,"PLACEHOLDER identity — fill real contact from CRM. DRAFT only, founder approves before any send."
T229,هدف استراتيجي 113,crm_partner,KSA (fill city from CRM),تنفيذ CRM قبل التشخيص,CRM/HubSpot partner needs a pre-implementation diagnostic layer.,Rung 0,Free Diagnostic (CRM-partner pre-implementation layer),Warm email (existing relationship),replied,low,مسودة — موافقة قبل الإرسال,"PLACEHOLDER identity — fill real contact from CRM. DRAFT only, founder approves before any send."
T230,هدف استراتيجي 128,agency_wedge,KSA (fill city from CRM),لا proof أسبوعي للعميل,Agency cannot show clients what happened after the campaign; weekly proof is missing.,Rung 1,499 SAR Revenue Proof Sprint (agency wedge),Warm email (existing relationship),replied,low,مسودة — موافقة قبل الإرسال,"PLACEHOLDER identity — fill real contact from CRM. DRAFT only, founder approves before any send."
T231,هدف استراتيجي 143,media_buying,KSA (fill city from CRM),تقارير media بلا post-lead ops,Media-buying lacks post-campaign proof for clients.,Rung 0/1,Free Diagnostic -> 499 SAR Revenue Proof Sprint,"LinkedIn manual DM (warm, founder-typed)",replied,low,مسودة — موافقة قبل الإرسال,"PLACEHOLDER identity — fill real contact from CRM. DRAFT only, founder approves before any send."
T232,هدف استراتيجي 158,insurance,KSA (fill city from CRM),وثائق leads بلا إغلاق,Insurance B2B has slow first response on inbound quotes.,Rung 0/1,Free Diagnostic -> 499 SAR Revenue Proof Sprint,Warm email (existing relationship),replied,low,مسودة — موافقة قبل الإرسال,"PLACEHOLDER identity — fill real contact from CRM. DRAFT only, founder approves before any send."
T233,هدف استراتيجي 173,fintech,KSA (fill city from CRM),leads مالية بلا تسليم Proof,Fintech needs governed diagnostics under regulatory constraint.,Rung 0/1,Free Diagnostic -> 499 SAR Sprint (governed),Warm email (existing relationship),replied,low,مسودة — موافقة قبل الإرسال,"PLACEHOLDER identity — fill real contact from CRM. DRAFT only, founder approves before any send."
T234,هدف استراتيجي 188,saas,KSA (fill city from CRM),توسع AI بدون حوكمة,SaaS is scaling AI without governance; pipeline lacks evidence.,Rung 0/4,Executive Diagnostic -> Custom AI / Governance scope,"LinkedIn manual DM (warm, founder-typed)",replied,low,مسودة — موافقة قبل الإرسال,"PLACEHOLDER identity — fill real contact from CRM. DRAFT only, founder approves before any send."
T235,هدف استراتيجي 203,government_vendor,KSA (fill city from CRM),مناقصات بلا owner متابعة,Government vendor needs an AI governance review before scope.,Rung 0/4,Executive Diagnostic -> Custom AI / Governance scope,Partner / mutual introduction,replied,low,مسودة — موافقة قبل الإرسال,"PLACEHOLDER identity — fill real contact from CRM. DRAFT only, founder approves before any send."
T236,هدف استراتيجي 218,executive_governance,KSA (fill city from CRM),مخاطر توسع AI,Executive needs a control-tower view over AI scale risk.,Rung 0/4,Executive Diagnostic -> Custom AI / Governance scope,Partner / mutual introduction,replied,low,مسودة — موافقة قبل الإرسال,"PLACEHOLDER identity — fill real contact from CRM. DRAFT only, founder approves before any send."
T237,هدف استراتيجي 233,direct_b2b,KSA (fill city from CRM),متابعة أولى بطيئة,"Direct B2B has undocumented, slow follow-up on inbound leads.",Rung 0/1,Free Diagnostic -> 499 SAR Sprint (governed),Warm email (existing relationship),replied,low,مسودة — موافقة قبل الإرسال,"PLACEHOLDER identity — fill real contact from CRM. DRAFT only, founder approves before any send."
T238,هدف استراتيجي 248,ecommerce,KSA (fill city from CRM),سلة متروكة بلا قرار إيراد,E-commerce pipeline lacks evidence on lead conversion.,Rung 0/1,Free Diagnostic -> 499 SAR Sprint (governed),Warm email (existing relationship),replied,low,مسودة — موافقة قبل الإرسال,"PLACEHOLDER identity — fill real contact from CRM. DRAFT only, founder approves before any send."
T239,هدف استراتيجي 92,agency_wedge,KSA (fill city from CRM),لا proof أسبوعي للعميل,Agency cannot show clients what happened after the campaign; weekly proof is missing.,Rung 1,499 SAR Revenue Proof Sprint (agency wedge),Warm email (existing relationship),sent_manual,low,مسودة — موافقة قبل الإرسال,"PLACEHOLDER identity — fill real contact from CRM. DRAFT only, founder approves before any send."
T240,هدف استراتيجي 107,media_buying,KSA (fill city from CRM),تقارير media بلا post-lead ops,Media-buying lacks post-campaign proof for clients.,Rung 0/1,Free Diagnostic -> 499 SAR Revenue Proof Sprint,"LinkedIn manual DM (warm, founder-typed)",sent_manual,low,مسودة — موافقة قبل الإرسال,"PLACEHOLDER identity — fill real contact from CRM. DRAFT only, founder approves before any send."
T241,هدف استراتيجي 122,retail,KSA (fill city from CRM),حملات موسمية بلا إغلاق,Retail B2B lacks a structured proof loop on lead handling.,Rung 1,499 SAR Revenue Proof Sprint (agency wedge),"LinkedIn manual DM (warm, founder-typed)",sent_manual,low,مسودة — موافقة قبل الإرسال,"PLACEHOLDER identity — fill real contact from CRM. DRAFT only, founder approves before any send."
T242,هدف استراتيجي 137,executive_governance,KSA (fill city from CRM),مخاطر توسع AI,Executive needs a control-tower view over AI scale risk.,Rung 0/4,Executive Diagnostic -> Custom AI / Governance scope,Partner / mutual introduction,sent_manual,low,مسودة — موافقة قبل الإرسال,"PLACEHOLDER identity — fill real contact from CRM. DRAFT only, founder approves before any send."
T243,هدف استراتيجي 152,retail,KSA (fill city from CRM),حملات موسمية بلا إغلاق,Retail B2B lacks a structured proof loop on lead handling.,Rung 1,499 SAR Revenue Proof Sprint (agency wedge),"LinkedIn manual DM (warm, founder-typed)",sent_manual,low,مسودة — موافقة قبل الإرسال,"PLACEHOLDER identity — fill real contact from CRM. DRAFT only, founder approves before any send."
T244,هدف استراتيجي 167,consulting_firm,KSA (fill city from CRM),عملاء يطلبون أتمتة بلا أدلة,Consulting clients ask for automation without governance; needs a safe diagnostic first.,Rung 1,499 SAR Revenue Proof Sprint (agency wedge),Warm email (existing relationship),sent_manual,low,مسودة — موافقة قبل الإرسال,"PLACEHOLDER identity — fill real contact from CRM. DRAFT only, founder approves before any send."
T245,هدف استراتيجي 182,telecom_b2b,KSA (fill city from CRM),حسابات enterprise بلا proof,Telecom B2B needs an executive diagnostic on AI scale risk.,Rung 0/4,Executive Diagnostic -> Custom AI / Governance scope,"LinkedIn manual DM (warm, founder-typed)",sent_manual,low,مسودة — موافقة قبل الإرسال,"PLACEHOLDER identity — fill real contact from CRM. DRAFT only, founder approves before any send."
T246,هدف استراتيجي 197,healthcare,KSA (fill city from CRM),متابعة مريض/عميل بلا owner,Healthcare B2B needs PDPL-safe handling of lead data.,Rung 0/1,Free Diagnostic -> 499 SAR Revenue Proof Sprint,"Phone (scheduled, warm)",sent_manual,low,مسودة — موافقة قبل الإرسال,"PLACEHOLDER identity — fill real contact from CRM. DRAFT only, founder approves before any send."
T247,هدف استراتيجي 212,crm_partner,KSA (fill city from CRM),تنفيذ CRM قبل التشخيص,CRM/HubSpot partner needs a pre-implementation diagnostic layer.,Rung 0,Free Diagnostic (CRM-partner pre-implementation layer),Warm email (existing relationship),sent_manual,low,مسودة — موافقة قبل الإرسال,"PLACEHOLDER identity — fill real contact from CRM. DRAFT only, founder approves before any send."
T248,هدف استراتيجي 227,insurance,KSA (fill city from CRM),وثائق leads بلا إغلاق,Insurance B2B has slow first response on inbound quotes.,Rung 0/1,Free Diagnostic -> 499 SAR Revenue Proof Sprint,Warm email (existing relationship),sent_manual,low,مسودة — موافقة قبل الإرسال,"PLACEHOLDER identity — fill real contact from CRM. DRAFT only, founder approves before any send."
T249,هدف استراتيجي 242,fintech,KSA (fill city from CRM),leads مالية بلا تسليم Proof,Fintech needs governed diagnostics under regulatory constraint.,Rung 0/1,Free Diagnostic -> 499 SAR Sprint (governed),Warm email (existing relationship),sent_manual,low,مسودة — موافقة قبل الإرسال,"PLACEHOLDER identity — fill real contact from CRM. DRAFT only, founder approves before any send."
