id,company,sector,city,language,subject,body,channel,status
draft_0001,شركة الواحة العقارية,real_estate,الرياض,ar,Dealix — نظام تشغيل ذكي لـ شركة الواحة العقارية,"السلام عليكم شركة الواحة العقارية،

leads العقارية الواردة عبر واتساب تضيع بدون نظام متابعة. Dealix يبني لكم Revenue OS يحوّل كل استفسار إلى pipeline مرئي يومياً.

Pilot 7 أيام بـ 499 ريال — نشتغل على leadsكم نحن، تشوفون النتيجة، ثم تقرّرون.
تناسبكم 20 دقيقة هذا الأسبوع؟

سامي
Dealix — https://dealix.me
العرض: https://dealix.me/proposal
حجز موعد: https://calendly.com/sami-assiri11/dealix-demo

[DRAFT_ONLY — يتطلب موافقة قبل الإرسال]",email,draft_only
draft_0002,شركة الواحة العقارية,real_estate,الرياض,en,Dealix — AI Operating System for شركة الواحة العقارية,"Hello شركة الواحة العقارية,

Real estate leads coming through WhatsApp and calls are lost without a structured follow-up system. Dealix builds you a Revenue OS that turns every inquiry into a visible daily pipeline.

7-day Pilot at 499 SAR — we do the work on your leads, you see the results, then decide.
Would 20 minutes this week work for you?

Sami
Dealix — https://dealix.me
Proposal: https://dealix.me/proposal
Book a call: https://calendly.com/sami-assiri11/dealix-demo

[DRAFT_ONLY — requires approval before sending]",email,draft_only
draft_0003,عيادة الأسنان الحديثة,clinics,الرياض,ar,Dealix — نظام تشغيل ذكي لـ عيادة الأسنان الحديثة,"السلام عليكم عيادة الأسنان الحديثة،

حجوزات العيادة تأتي من واتساب وتليفون وإنستغرام — بدون نظام. Dealix يربط الاستقبال والتقييمات والحجوزات في مسار واحد.

Pilot 7 أيام بـ 499 ريال — نشتغل على leadsكم نحن، تشوفون النتيجة، ثم تقرّرون.
تناسبكم 20 دقيقة هذا الأسبوع؟

سامي
Dealix — https://dealix.me
العرض: https://dealix.me/proposal
حجز موعد: https://calendly.com/sami-assiri11/dealix-demo

[DRAFT_ONLY — يتطلب موافقة قبل الإرسال]",email,draft_only
draft_0004,عيادة الأسنان الحديثة,clinics,الرياض,en,Dealix — AI Operating System for عيادة الأسنان الحديثة,"Hello عيادة الأسنان الحديثة,

Clinic bookings arrive through WhatsApp, phone, and Instagram — no system connecting them. Dealix builds a unified intake to booking to review management OS.

7-day Pilot at 499 SAR — we do the work on your leads, you see the results, then decide.
Would 20 minutes this week work for you?

Sami
Dealix — https://dealix.me
Proposal: https://dealix.me/proposal
Book a call: https://calendly.com/sami-assiri11/dealix-demo

[DRAFT_ONLY — requires approval before sending]",email,draft_only
draft_0005,مركز الرياض للتدريب والتطوير,training_centers,الرياض,ar,Dealix — نظام تشغيل ذكي لـ مركز الرياض للتدريب والتطوير,"السلام عليكم مركز الرياض للتدريب والتطوير،

التسجيل في الدورات يتم يدوياً، والـ leads تضيع. Dealix يبني لكم Growth Engine يتابع كل مسجل من أول استفسار حتى الشهادة.

Pilot 7 أيام بـ 499 ريال — نشتغل على leadsكم نحن، تشوفون النتيجة، ثم تقرّرون.
تناسبكم 20 دقيقة هذا الأسبوع؟

سامي
Dealix — https://dealix.me
العرض: https://dealix.me/proposal
حجز موعد: https://calendly.com/sami-assiri11/dealix-demo

[DRAFT_ONLY — يتطلب موافقة قبل الإرسال]",email,draft_only
draft_0006,مركز الرياض للتدريب والتطوير,training_centers,الرياض,en,Dealix — AI Operating System for مركز الرياض للتدريب والتطوير,"Hello مركز الرياض للتدريب والتطوير,

Course registrations are manual and slow, leads fall through. Dealix builds a Growth Engine that tracks every prospect from first inquiry to certificate.

7-day Pilot at 499 SAR — we do the work on your leads, you see the results, then decide.
Would 20 minutes this week work for you?

Sami
Dealix — https://dealix.me
Proposal: https://dealix.me/proposal
Book a call: https://calendly.com/sami-assiri11/dealix-demo

[DRAFT_ONLY — requires approval before sending]",email,draft_only
draft_0007,وكالة إبداع للتسويق الرقمي,agencies,الرياض,ar,Dealix — نظام تشغيل ذكي لـ وكالة إبداع للتسويق الرقمي,"السلام عليكم وكالة إبداع للتسويق الرقمي،

تقارير العملاء تُكتب يدوياً كل أسبوع. Dealix يبني Command Center للوكالة — كل عميل، كل مهمة، كل نتيجة في مكان واحد.

Pilot 7 أيام بـ 499 ريال — نشتغل على leadsكم نحن، تشوفون النتيجة، ثم تقرّرون.
تناسبكم 20 دقيقة هذا الأسبوع؟

سامي
Dealix — https://dealix.me
العرض: https://dealix.me/proposal
حجز موعد: https://calendly.com/sami-assiri11/dealix-demo

[DRAFT_ONLY — يتطلب موافقة قبل الإرسال]",email,draft_only
draft_0008,وكالة إبداع للتسويق الرقمي,agencies,الرياض,en,Dealix — AI Operating System for وكالة إبداع للتسويق الرقمي,"Hello وكالة إبداع للتسويق الرقمي,

Client reports are written manually each week. Dealix builds an Agency Command Center — every client, every task, every result in one dashboard.

7-day Pilot at 499 SAR — we do the work on your leads, you see the results, then decide.
Would 20 minutes this week work for you?

Sami
Dealix — https://dealix.me
Proposal: https://dealix.me/proposal
Book a call: https://calendly.com/sami-assiri11/dealix-demo

[DRAFT_ONLY — requires approval before sending]",email,draft_only
draft_0009,مطاعم الأصالة السعودية,restaurants,الرياض,ar,Dealix — نظام تشغيل ذكي لـ مطاعم الأصالة السعودية,"السلام عليكم مطاعم الأصالة السعودية،

تقييمات جوجل تتراكم بدون ردود منظمة. Dealix يبني Review Intelligence OS يحوّل كل تقييم إلى فرصة تحسين مع ردود جاهزة للمراجعة.

Pilot 7 أيام بـ 499 ريال — نشتغل على leadsكم نحن، تشوفون النتيجة، ثم تقرّرون.
تناسبكم 20 دقيقة هذا الأسبوع؟

سامي
Dealix — https://dealix.me
العرض: https://dealix.me/proposal
حجز موعد: https://calendly.com/sami-assiri11/dealix-demo

[DRAFT_ONLY — يتطلب موافقة قبل الإرسال]",email,draft_only
draft_0010,مطاعم الأصالة السعودية,restaurants,الرياض,en,Dealix — AI Operating System for مطاعم الأصالة السعودية,"Hello مطاعم الأصالة السعودية,

Google reviews pile up without organized responses. Dealix builds a Review Intelligence OS that turns every review into an improvement opportunity.

7-day Pilot at 499 SAR — we do the work on your leads, you see the results, then decide.
Would 20 minutes this week work for you?

Sami
Dealix — https://dealix.me
Proposal: https://dealix.me/proposal
Book a call: https://calendly.com/sami-assiri11/dealix-demo

[DRAFT_ONLY — requires approval before sending]",email,draft_only
draft_0011,شركة سرعة للشحن والتوصيل,logistics,الرياض,ar,Dealix — نظام تشغيل ذكي لـ شركة سرعة للشحن والتوصيل,"السلام عليكم شركة سرعة للشحن والتوصيل،

طلبات الشحن والتسعير تتضيع في الواتساب. Dealix يبني Sales Pipeline يجمع كل RFQ ويفرز الجاد منها للمتابعة الفورية.

Pilot 7 أيام بـ 499 ريال — نشتغل على leadsكم نحن، تشوفون النتيجة، ثم تقرّرون.
تناسبكم 20 دقيقة هذا الأسبوع؟

سامي
Dealix — https://dealix.me
العرض: https://dealix.me/proposal
حجز موعد: https://calendly.com/sami-assiri11/dealix-demo

[DRAFT_ONLY — يتطلب موافقة قبل الإرسال]",email,draft_only
draft_0012,شركة سرعة للشحن والتوصيل,logistics,الرياض,en,Dealix — AI Operating System for شركة سرعة للشحن والتوصيل,"Hello شركة سرعة للشحن والتوصيل,

Shipping RFQs get lost in WhatsApp. Dealix builds a Sales Pipeline that captures every RFQ and surfaces the serious ones for immediate follow-up.

7-day Pilot at 499 SAR — we do the work on your leads, you see the results, then decide.
Would 20 minutes this week work for you?

Sami
Dealix — https://dealix.me
Proposal: https://dealix.me/proposal
Book a call: https://calendly.com/sami-assiri11/dealix-demo

[DRAFT_ONLY — requires approval before sending]",email,draft_only
draft_0013,شركة الواحة للاستشارات الإدارية,b2b_services,الرياض,ar,Dealix — نظام تشغيل ذكي لـ شركة الواحة للاستشارات الإدارية,"السلام عليكم شركة الواحة للاستشارات الإدارية،

عروض الأسعار تُكتب يدوياً وبطيئة، والعملاء المحتملون يرحلون. Dealix يبني Proposal Builder يُصدر عروضاً احترافية خلال دقائق.

Pilot 7 أيام بـ 499 ريال — نشتغل على leadsكم نحن، تشوفون النتيجة، ثم تقرّرون.
تناسبكم 20 دقيقة هذا الأسبوع؟

سامي
Dealix — https://dealix.me
العرض: https://dealix.me/proposal
حجز موعد: https://calendly.com/sami-assiri11/dealix-demo

[DRAFT_ONLY — يتطلب موافقة قبل الإرسال]",email,draft_only
draft_0014,شركة الواحة للاستشارات الإدارية,b2b_services,الرياض,en,Dealix — AI Operating System for شركة الواحة للاستشارات الإدارية,"Hello شركة الواحة للاستشارات الإدارية,

Proposals are written manually and slowly — prospects leave for competitors. Dealix builds a Proposal Builder that generates professional bilingual proposals in minutes.

7-day Pilot at 499 SAR — we do the work on your leads, you see the results, then decide.
Would 20 minutes this week work for you?

Sami
Dealix — https://dealix.me
Proposal: https://dealix.me/proposal
Book a call: https://calendly.com/sami-assiri11/dealix-demo

[DRAFT_ONLY — requires approval before sending]",email,draft_only
draft_0015,شركة البنيان للمقاولات العامة,construction,الرياض,ar,Dealix — نظام تشغيل ذكي لـ شركة البنيان للمقاولات العامة,"السلام عليكم شركة البنيان للمقاولات العامة،

طلبات تسعير المشاريع تتضيع. Dealix يبني نظام استقبال RFQ يجمع المواصفات والميزانية ويفرز الجاد للفريق.

Pilot 7 أيام بـ 499 ريال — نشتغل على leadsكم نحن، تشوفون النتيجة، ثم تقرّرون.
تناسبكم 20 دقيقة هذا الأسبوع؟

سامي
Dealix — https://dealix.me
العرض: https://dealix.me/proposal
حجز موعد: https://calendly.com/sami-assiri11/dealix-demo

[DRAFT_ONLY — يتطلب موافقة قبل الإرسال]",email,draft_only
draft_0016,شركة البنيان للمقاولات العامة,construction,الرياض,en,Dealix — AI Operating System for شركة البنيان للمقاولات العامة,"Hello شركة البنيان للمقاولات العامة,

Project pricing requests get lost. Dealix builds an RFQ intake system that collects specs, budgets, and timelines — sorted by priority for your team.

7-day Pilot at 499 SAR — we do the work on your leads, you see the results, then decide.
Would 20 minutes this week work for you?

Sami
Dealix — https://dealix.me
Proposal: https://dealix.me/proposal
Book a call: https://calendly.com/sami-assiri11/dealix-demo

[DRAFT_ONLY — requires approval before sending]",email,draft_only
draft_0017,فندق الضيافة السعودية,hospitality,الرياض,ar,Dealix — نظام تشغيل ذكي لـ فندق الضيافة السعودية,"السلام عليكم فندق الضيافة السعودية،

حجوزات الفعاليات والقاعات تحتاج رداً فورياً. Dealix يبني Event Booking OS يرد خلال ثوانٍ ويحجز المواعيد آلياً.

Pilot 7 أيام بـ 499 ريال — نشتغل على leadsكم نحن، تشوفون النتيجة، ثم تقرّرون.
تناسبكم 20 دقيقة هذا الأسبوع؟

سامي
Dealix — https://dealix.me
العرض: https://dealix.me/proposal
حجز موعد: https://calendly.com/sami-assiri11/dealix-demo

[DRAFT_ONLY — يتطلب موافقة قبل الإرسال]",email,draft_only
draft_0018,فندق الضيافة السعودية,hospitality,الرياض,en,Dealix — AI Operating System for فندق الضيافة السعودية,"Hello فندق الضيافة السعودية,

Event and venue bookings need immediate responses. Dealix builds an Event Booking OS that responds instantly and manages your calendar automatically.

7-day Pilot at 499 SAR — we do the work on your leads, you see the results, then decide.
Would 20 minutes this week work for you?

Sami
Dealix — https://dealix.me
Proposal: https://dealix.me/proposal
Book a call: https://calendly.com/sami-assiri11/dealix-demo

[DRAFT_ONLY — requires approval before sending]",email,draft_only
draft_0019,شركة تقنية المستقبل السعودية,saas,الرياض,ar,Dealix — نظام تشغيل ذكي لـ شركة تقنية المستقبل السعودية,"السلام عليكم شركة تقنية المستقبل السعودية،

inbound leads من السوق السعودي تحتاج رداً بالعربي الخليجي. Dealix يبني لكم Sales AI Rep يرد فورياً ويؤهل العميل.

Pilot 7 أيام بـ 499 ريال — نشتغل على leadsكم نحن، تشوفون النتيجة، ثم تقرّرون.
تناسبكم 20 دقيقة هذا الأسبوع؟

سامي
Dealix — https://dealix.me
العرض: https://dealix.me/proposal
حجز موعد: https://calendly.com/sami-assiri11/dealix-demo

[DRAFT_ONLY — يتطلب موافقة قبل الإرسال]",email,draft_only
draft_0020,شركة تقنية المستقبل السعودية,saas,الرياض,en,Dealix — AI Operating System for شركة تقنية المستقبل السعودية,"Hello شركة تقنية المستقبل السعودية,

Saudi inbound leads need a response in Gulf Arabic, not generic English. Dealix builds you a bilingual Sales AI Rep that responds in seconds.

7-day Pilot at 499 SAR — we do the work on your leads, you see the results, then decide.
Would 20 minutes this week work for you?

Sami
Dealix — https://dealix.me
Proposal: https://dealix.me/proposal
Book a call: https://calendly.com/sami-assiri11/dealix-demo

[DRAFT_ONLY — requires approval before sending]",email,draft_only
draft_0021,متجر ستايل هب للأزياء,retail,الرياض,ar,Dealix — نظام تشغيل ذكي لـ متجر ستايل هب للأزياء,"السلام عليكم متجر ستايل هب للأزياء،

شكاوى العملاء وتقييمات المنتجات تتراكم. Dealix يبني Customer Success OS يحوّل الشكاوى إلى فرص احتفاظ.

Pilot 7 أيام بـ 499 ريال — نشتغل على leadsكم نحن، تشوفون النتيجة، ثم تقرّرون.
تناسبكم 20 دقيقة هذا الأسبوع؟

سامي
Dealix — https://dealix.me
العرض: https://dealix.me/proposal
حجز موعد: https://calendly.com/sami-assiri11/dealix-demo

[DRAFT_ONLY — يتطلب موافقة قبل الإرسال]",email,draft_only
draft_0022,متجر ستايل هب للأزياء,retail,الرياض,en,Dealix — AI Operating System for متجر ستايل هب للأزياء,"Hello متجر ستايل هب للأزياء,

Customer complaints and product reviews accumulate. Dealix builds a Customer Success OS that turns complaints into retention opportunities.

7-day Pilot at 499 SAR — we do the work on your leads, you see the results, then decide.
Would 20 minutes this week work for you?

Sami
Dealix — https://dealix.me
Proposal: https://dealix.me/proposal
Book a call: https://calendly.com/sami-assiri11/dealix-demo

[DRAFT_ONLY — requires approval before sending]",email,draft_only
draft_0023,مكتب الوضاح للمحاماة والاستشارات,law_accounting,الرياض,ar,Dealix — نظام تشغيل ذكي لـ مكتب الوضاح للمحاماة والاستشارات,"السلام عليكم مكتب الوضاح للمحاماة والاستشارات،

استفسارات العملاء الجدد تضيع. Dealix يبني Inquiry Management System يرتب الاستفسارات ويُصدر عروض أسعار فورية.

Pilot 7 أيام بـ 499 ريال — نشتغل على leadsكم نحن، تشوفون النتيجة، ثم تقرّرون.
تناسبكم 20 دقيقة هذا الأسبوع؟

سامي
Dealix — https://dealix.me
العرض: https://dealix.me/proposal
حجز موعد: https://calendly.com/sami-assiri11/dealix-demo

[DRAFT_ONLY — يتطلب موافقة قبل الإرسال]",email,draft_only
draft_0024,مكتب الوضاح للمحاماة والاستشارات,law_accounting,الرياض,en,Dealix — AI Operating System for مكتب الوضاح للمحاماة والاستشارات,"Hello مكتب الوضاح للمحاماة والاستشارات,

New client inquiries get lost. Dealix builds an Inquiry Management System that organizes leads and issues instant professional proposals.

7-day Pilot at 499 SAR — we do the work on your leads, you see the results, then decide.
Would 20 minutes this week work for you?

Sami
Dealix — https://dealix.me
Proposal: https://dealix.me/proposal
Book a call: https://calendly.com/sami-assiri11/dealix-demo

[DRAFT_ONLY — requires approval before sending]",email,draft_only
draft_0025,مجموعة دار الأرقم للعقارات,real_estate,جدة,ar,Dealix — نظام تشغيل ذكي لـ مجموعة دار الأرقم للعقارات,"السلام عليكم مجموعة دار الأرقم للعقارات،

leads العقارية الواردة عبر واتساب تضيع بدون نظام متابعة. Dealix يبني لكم Revenue OS يحوّل كل استفسار إلى pipeline مرئي يومياً.

Pilot 7 أيام بـ 499 ريال — نشتغل على leadsكم نحن، تشوفون النتيجة، ثم تقرّرون.
تناسبكم 20 دقيقة هذا الأسبوع؟

سامي
Dealix — https://dealix.me
العرض: https://dealix.me/proposal
حجز موعد: https://calendly.com/sami-assiri11/dealix-demo

[DRAFT_ONLY — يتطلب موافقة قبل الإرسال]",email,draft_only
draft_0026,مجموعة دار الأرقم للعقارات,real_estate,جدة,en,Dealix — AI Operating System for مجموعة دار الأرقم للعقارات,"Hello مجموعة دار الأرقم للعقارات,

Real estate leads coming through WhatsApp and calls are lost without a structured follow-up system. Dealix builds you a Revenue OS that turns every inquiry into a visible daily pipeline.

7-day Pilot at 499 SAR — we do the work on your leads, you see the results, then decide.
Would 20 minutes this week work for you?

Sami
Dealix — https://dealix.me
Proposal: https://dealix.me/proposal
Book a call: https://calendly.com/sami-assiri11/dealix-demo

[DRAFT_ONLY — requires approval before sending]",email,draft_only
draft_0027,مركز الجلدية والتجميل المتقدم,clinics,جدة,ar,Dealix — نظام تشغيل ذكي لـ مركز الجلدية والتجميل المتقدم,"السلام عليكم مركز الجلدية والتجميل المتقدم،

حجوزات العيادة تأتي من واتساب وتليفون وإنستغرام — بدون نظام. Dealix يربط الاستقبال والتقييمات والحجوزات في مسار واحد.

Pilot 7 أيام بـ 499 ريال — نشتغل على leadsكم نحن، تشوفون النتيجة، ثم تقرّرون.
تناسبكم 20 دقيقة هذا الأسبوع؟

سامي
Dealix — https://dealix.me
العرض: https://dealix.me/proposal
حجز موعد: https://calendly.com/sami-assiri11/dealix-demo

[DRAFT_ONLY — يتطلب موافقة قبل الإرسال]",email,draft_only
draft_0028,مركز الجلدية والتجميل المتقدم,clinics,جدة,en,Dealix — AI Operating System for مركز الجلدية والتجميل المتقدم,"Hello مركز الجلدية والتجميل المتقدم,

Clinic bookings arrive through WhatsApp, phone, and Instagram — no system connecting them. Dealix builds a unified intake to booking to review management OS.

7-day Pilot at 499 SAR — we do the work on your leads, you see the results, then decide.
Would 20 minutes this week work for you?

Sami
Dealix — https://dealix.me
Proposal: https://dealix.me/proposal
Book a call: https://calendly.com/sami-assiri11/dealix-demo

[DRAFT_ONLY — requires approval before sending]",email,draft_only
draft_0029,أكاديمية مهارات للتدريب المهني,training_centers,جدة,ar,Dealix — نظام تشغيل ذكي لـ أكاديمية مهارات للتدريب المهني,"السلام عليكم أكاديمية مهارات للتدريب المهني،

التسجيل في الدورات يتم يدوياً، والـ leads تضيع. Dealix يبني لكم Growth Engine يتابع كل مسجل من أول استفسار حتى الشهادة.

Pilot 7 أيام بـ 499 ريال — نشتغل على leadsكم نحن، تشوفون النتيجة، ثم تقرّرون.
تناسبكم 20 دقيقة هذا الأسبوع؟

سامي
Dealix — https://dealix.me
العرض: https://dealix.me/proposal
حجز موعد: https://calendly.com/sami-assiri11/dealix-demo

[DRAFT_ONLY — يتطلب موافقة قبل الإرسال]",email,draft_only
draft_0030,أكاديمية مهارات للتدريب المهني,training_centers,جدة,en,Dealix — AI Operating System for أكاديمية مهارات للتدريب المهني,"Hello أكاديمية مهارات للتدريب المهني,

Course registrations are manual and slow, leads fall through. Dealix builds a Growth Engine that tracks every prospect from first inquiry to certificate.

7-day Pilot at 499 SAR — we do the work on your leads, you see the results, then decide.
Would 20 minutes this week work for you?

Sami
Dealix — https://dealix.me
Proposal: https://dealix.me/proposal
Book a call: https://calendly.com/sami-assiri11/dealix-demo

[DRAFT_ONLY — requires approval before sending]",email,draft_only
draft_0031,وكالة المسار للإعلام والتسويق,agencies,جدة,ar,Dealix — نظام تشغيل ذكي لـ وكالة المسار للإعلام والتسويق,"السلام عليكم وكالة المسار للإعلام والتسويق،

تقارير العملاء تُكتب يدوياً كل أسبوع. Dealix يبني Command Center للوكالة — كل عميل، كل مهمة، كل نتيجة في مكان واحد.

Pilot 7 أيام بـ 499 ريال — نشتغل على leadsكم نحن، تشوفون النتيجة، ثم تقرّرون.
تناسبكم 20 دقيقة هذا الأسبوع؟

سامي
Dealix — https://dealix.me
العرض: https://dealix.me/proposal
حجز موعد: https://calendly.com/sami-assiri11/dealix-demo

[DRAFT_ONLY — يتطلب موافقة قبل الإرسال]",email,draft_only
draft_0032,وكالة المسار للإعلام والتسويق,agencies,جدة,en,Dealix — AI Operating System for وكالة المسار للإعلام والتسويق,"Hello وكالة المسار للإعلام والتسويق,

Client reports are written manually each week. Dealix builds an Agency Command Center — every client, every task, every result in one dashboard.

7-day Pilot at 499 SAR — we do the work on your leads, you see the results, then decide.
Would 20 minutes this week work for you?

Sami
Dealix — https://dealix.me
Proposal: https://dealix.me/proposal
Book a call: https://calendly.com/sami-assiri11/dealix-demo

[DRAFT_ONLY — requires approval before sending]",email,draft_only
draft_0033,سلسلة كافيه الضيافة,restaurants,جدة,ar,Dealix — نظام تشغيل ذكي لـ سلسلة كافيه الضيافة,"السلام عليكم سلسلة كافيه الضيافة،

تقييمات جوجل تتراكم بدون ردود منظمة. Dealix يبني Review Intelligence OS يحوّل كل تقييم إلى فرصة تحسين مع ردود جاهزة للمراجعة.

Pilot 7 أيام بـ 499 ريال — نشتغل على leadsكم نحن، تشوفون النتيجة، ثم تقرّرون.
تناسبكم 20 دقيقة هذا الأسبوع؟

سامي
Dealix — https://dealix.me
العرض: https://dealix.me/proposal
حجز موعد: https://calendly.com/sami-assiri11/dealix-demo

[DRAFT_ONLY — يتطلب موافقة قبل الإرسال]",email,draft_only
draft_0034,سلسلة كافيه الضيافة,restaurants,جدة,en,Dealix — AI Operating System for سلسلة كافيه الضيافة,"Hello سلسلة كافيه الضيافة,

Google reviews pile up without organized responses. Dealix builds a Review Intelligence OS that turns every review into an improvement opportunity.

7-day Pilot at 499 SAR — we do the work on your leads, you see the results, then decide.
Would 20 minutes this week work for you?

Sami
Dealix — https://dealix.me
Proposal: https://dealix.me/proposal
Book a call: https://calendly.com/sami-assiri11/dealix-demo

[DRAFT_ONLY — requires approval before sending]",email,draft_only
draft_0035,مجموعة الوصل اللوجستية,logistics,جدة,ar,Dealix — نظام تشغيل ذكي لـ مجموعة الوصل اللوجستية,"السلام عليكم مجموعة الوصل اللوجستية،

طلبات الشحن والتسعير تتضيع في الواتساب. Dealix يبني Sales Pipeline يجمع كل RFQ ويفرز الجاد منها للمتابعة الفورية.

Pilot 7 أيام بـ 499 ريال — نشتغل على leadsكم نحن، تشوفون النتيجة، ثم تقرّرون.
تناسبكم 20 دقيقة هذا الأسبوع؟

سامي
Dealix — https://dealix.me
العرض: https://dealix.me/proposal
حجز موعد: https://calendly.com/sami-assiri11/dealix-demo

[DRAFT_ONLY — يتطلب موافقة قبل الإرسال]",email,draft_only
draft_0036,مجموعة الوصل اللوجستية,logistics,جدة,en,Dealix — AI Operating System for مجموعة الوصل اللوجستية,"Hello مجموعة الوصل اللوجستية,

Shipping RFQs get lost in WhatsApp. Dealix builds a Sales Pipeline that captures every RFQ and surfaces the serious ones for immediate follow-up.

7-day Pilot at 499 SAR — we do the work on your leads, you see the results, then decide.
Would 20 minutes this week work for you?

Sami
Dealix — https://dealix.me
Proposal: https://dealix.me/proposal
Book a call: https://calendly.com/sami-assiri11/dealix-demo

[DRAFT_ONLY — requires approval before sending]",email,draft_only
draft_0037,مؤسسة الريادة للموارد البشرية,b2b_services,جدة,ar,Dealix — نظام تشغيل ذكي لـ مؤسسة الريادة للموارد البشرية,"السلام عليكم مؤسسة الريادة للموارد البشرية،

عروض الأسعار تُكتب يدوياً وبطيئة، والعملاء المحتملون يرحلون. Dealix يبني Proposal Builder يُصدر عروضاً احترافية خلال دقائق.

Pilot 7 أيام بـ 499 ريال — نشتغل على leadsكم نحن، تشوفون النتيجة، ثم تقرّرون.
تناسبكم 20 دقيقة هذا الأسبوع؟

سامي
Dealix — https://dealix.me
العرض: https://dealix.me/proposal
حجز موعد: https://calendly.com/sami-assiri11/dealix-demo

[DRAFT_ONLY — يتطلب موافقة قبل الإرسال]",email,draft_only
draft_0038,مؤسسة الريادة للموارد البشرية,b2b_services,جدة,en,Dealix — AI Operating System for مؤسسة الريادة للموارد البشرية,"Hello مؤسسة الريادة للموارد البشرية,

Proposals are written manually and slowly — prospects leave for competitors. Dealix builds a Proposal Builder that generates professional bilingual proposals in minutes.

7-day Pilot at 499 SAR — we do the work on your leads, you see the results, then decide.
Would 20 minutes this week work for you?

Sami
Dealix — https://dealix.me
Proposal: https://dealix.me/proposal
Book a call: https://calendly.com/sami-assiri11/dealix-demo

[DRAFT_ONLY — requires approval before sending]",email,draft_only
draft_0039,مجموعة الإتقان للتشطيبات,construction,جدة,ar,Dealix — نظام تشغيل ذكي لـ مجموعة الإتقان للتشطيبات,"السلام عليكم مجموعة الإتقان للتشطيبات،

طلبات تسعير المشاريع تتضيع. Dealix يبني نظام استقبال RFQ يجمع المواصفات والميزانية ويفرز الجاد للفريق.

Pilot 7 أيام بـ 499 ريال — نشتغل على leadsكم نحن، تشوفون النتيجة، ثم تقرّرون.
تناسبكم 20 دقيقة هذا الأسبوع؟

سامي
Dealix — https://dealix.me
العرض: https://dealix.me/proposal
حجز موعد: https://calendly.com/sami-assiri11/dealix-demo

[DRAFT_ONLY — يتطلب موافقة قبل الإرسال]",email,draft_only
draft_0040,مجموعة الإتقان للتشطيبات,construction,جدة,en,Dealix — AI Operating System for مجموعة الإتقان للتشطيبات,"Hello مجموعة الإتقان للتشطيبات,

Project pricing requests get lost. Dealix builds an RFQ intake system that collects specs, budgets, and timelines — sorted by priority for your team.

7-day Pilot at 499 SAR — we do the work on your leads, you see the results, then decide.
Would 20 minutes this week work for you?

Sami
Dealix — https://dealix.me
Proposal: https://dealix.me/proposal
Book a call: https://calendly.com/sami-assiri11/dealix-demo

[DRAFT_ONLY — requires approval before sending]",email,draft_only
draft_0041,منتجع الربوة الصحي,hospitality,أبها,ar,Dealix — نظام تشغيل ذكي لـ منتجع الربوة الصحي,"السلام عليكم منتجع الربوة الصحي،

حجوزات الفعاليات والقاعات تحتاج رداً فورياً. Dealix يبني Event Booking OS يرد خلال ثوانٍ ويحجز المواعيد آلياً.

Pilot 7 أيام بـ 499 ريال — نشتغل على leadsكم نحن، تشوفون النتيجة، ثم تقرّرون.
تناسبكم 20 دقيقة هذا الأسبوع؟

سامي
Dealix — https://dealix.me
العرض: https://dealix.me/proposal
حجز موعد: https://calendly.com/sami-assiri11/dealix-demo

[DRAFT_ONLY — يتطلب موافقة قبل الإرسال]",email,draft_only
draft_0042,منتجع الربوة الصحي,hospitality,أبها,en,Dealix — AI Operating System for منتجع الربوة الصحي,"Hello منتجع الربوة الصحي,

Event and venue bookings need immediate responses. Dealix builds an Event Booking OS that responds instantly and manages your calendar automatically.

7-day Pilot at 499 SAR — we do the work on your leads, you see the results, then decide.
Would 20 minutes this week work for you?

Sami
Dealix — https://dealix.me
Proposal: https://dealix.me/proposal
Book a call: https://calendly.com/sami-assiri11/dealix-demo

[DRAFT_ONLY — requires approval before sending]",email,draft_only
draft_0043,منصة نبيه للأعمال,saas,الرياض,ar,Dealix — نظام تشغيل ذكي لـ منصة نبيه للأعمال,"السلام عليكم منصة نبيه للأعمال،

inbound leads من السوق السعودي تحتاج رداً بالعربي الخليجي. Dealix يبني لكم Sales AI Rep يرد فورياً ويؤهل العميل.

Pilot 7 أيام بـ 499 ريال — نشتغل على leadsكم نحن، تشوفون النتيجة، ثم تقرّرون.
تناسبكم 20 دقيقة هذا الأسبوع؟

سامي
Dealix — https://dealix.me
العرض: https://dealix.me/proposal
حجز موعد: https://calendly.com/sami-assiri11/dealix-demo

[DRAFT_ONLY — يتطلب موافقة قبل الإرسال]",email,draft_only
draft_0044,منصة نبيه للأعمال,saas,الرياض,en,Dealix — AI Operating System for منصة نبيه للأعمال,"Hello منصة نبيه للأعمال,

Saudi inbound leads need a response in Gulf Arabic, not generic English. Dealix builds you a bilingual Sales AI Rep that responds in seconds.

7-day Pilot at 499 SAR — we do the work on your leads, you see the results, then decide.
Would 20 minutes this week work for you?

Sami
Dealix — https://dealix.me
Proposal: https://dealix.me/proposal
Book a call: https://calendly.com/sami-assiri11/dealix-demo

[DRAFT_ONLY — requires approval before sending]",email,draft_only
draft_0045,مجموعة الخليج للمفروشات,retail,جدة,ar,Dealix — نظام تشغيل ذكي لـ مجموعة الخليج للمفروشات,"السلام عليكم مجموعة الخليج للمفروشات،

شكاوى العملاء وتقييمات المنتجات تتراكم. Dealix يبني Customer Success OS يحوّل الشكاوى إلى فرص احتفاظ.

Pilot 7 أيام بـ 499 ريال — نشتغل على leadsكم نحن، تشوفون النتيجة، ثم تقرّرون.
تناسبكم 20 دقيقة هذا الأسبوع؟

سامي
Dealix — https://dealix.me
العرض: https://dealix.me/proposal
حجز موعد: https://calendly.com/sami-assiri11/dealix-demo

[DRAFT_ONLY — يتطلب موافقة قبل الإرسال]",email,draft_only
draft_0046,مجموعة الخليج للمفروشات,retail,جدة,en,Dealix — AI Operating System for مجموعة الخليج للمفروشات,"Hello مجموعة الخليج للمفروشات,

Customer complaints and product reviews accumulate. Dealix builds a Customer Success OS that turns complaints into retention opportunities.

7-day Pilot at 499 SAR — we do the work on your leads, you see the results, then decide.
Would 20 minutes this week work for you?

Sami
Dealix — https://dealix.me
Proposal: https://dealix.me/proposal
Book a call: https://calendly.com/sami-assiri11/dealix-demo

[DRAFT_ONLY — requires approval before sending]",email,draft_only
draft_0047,مكتب الأمانة للمحاسبة والمراجعة,law_accounting,جدة,ar,Dealix — نظام تشغيل ذكي لـ مكتب الأمانة للمحاسبة والمراجعة,"السلام عليكم مكتب الأمانة للمحاسبة والمراجعة،

استفسارات العملاء الجدد تضيع. Dealix يبني Inquiry Management System يرتب الاستفسارات ويُصدر عروض أسعار فورية.

Pilot 7 أيام بـ 499 ريال — نشتغل على leadsكم نحن، تشوفون النتيجة، ثم تقرّرون.
تناسبكم 20 دقيقة هذا الأسبوع؟

سامي
Dealix — https://dealix.me
العرض: https://dealix.me/proposal
حجز موعد: https://calendly.com/sami-assiri11/dealix-demo

[DRAFT_ONLY — يتطلب موافقة قبل الإرسال]",email,draft_only
draft_0048,مكتب الأمانة للمحاسبة والمراجعة,law_accounting,جدة,en,Dealix — AI Operating System for مكتب الأمانة للمحاسبة والمراجعة,"Hello مكتب الأمانة للمحاسبة والمراجعة,

New client inquiries get lost. Dealix builds an Inquiry Management System that organizes leads and issues instant professional proposals.

7-day Pilot at 499 SAR — we do the work on your leads, you see the results, then decide.
Would 20 minutes this week work for you?

Sami
Dealix — https://dealix.me
Proposal: https://dealix.me/proposal
Book a call: https://calendly.com/sami-assiri11/dealix-demo

[DRAFT_ONLY — requires approval before sending]",email,draft_only
draft_0049,شركة إتقان للتطوير العقاري,real_estate,الدمام,ar,Dealix — نظام تشغيل ذكي لـ شركة إتقان للتطوير العقاري,"السلام عليكم شركة إتقان للتطوير العقاري،

leads العقارية الواردة عبر واتساب تضيع بدون نظام متابعة. Dealix يبني لكم Revenue OS يحوّل كل استفسار إلى pipeline مرئي يومياً.

Pilot 7 أيام بـ 499 ريال — نشتغل على leadsكم نحن، تشوفون النتيجة، ثم تقرّرون.
تناسبكم 20 دقيقة هذا الأسبوع؟

سامي
Dealix — https://dealix.me
العرض: https://dealix.me/proposal
حجز موعد: https://calendly.com/sami-assiri11/dealix-demo

[DRAFT_ONLY — يتطلب موافقة قبل الإرسال]",email,draft_only
draft_0050,شركة إتقان للتطوير العقاري,real_estate,الدمام,en,Dealix — AI Operating System for شركة إتقان للتطوير العقاري,"Hello شركة إتقان للتطوير العقاري,

Real estate leads coming through WhatsApp and calls are lost without a structured follow-up system. Dealix builds you a Revenue OS that turns every inquiry into a visible daily pipeline.

7-day Pilot at 499 SAR — we do the work on your leads, you see the results, then decide.
Would 20 minutes this week work for you?

Sami
Dealix — https://dealix.me
Proposal: https://dealix.me/proposal
Book a call: https://calendly.com/sami-assiri11/dealix-demo

[DRAFT_ONLY — requires approval before sending]",email,draft_only
draft_0051,عيادات العيون التخصصية,clinics,الدمام,ar,Dealix — نظام تشغيل ذكي لـ عيادات العيون التخصصية,"السلام عليكم عيادات العيون التخصصية،

حجوزات العيادة تأتي من واتساب وتليفون وإنستغرام — بدون نظام. Dealix يربط الاستقبال والتقييمات والحجوزات في مسار واحد.

Pilot 7 أيام بـ 499 ريال — نشتغل على leadsكم نحن، تشوفون النتيجة، ثم تقرّرون.
تناسبكم 20 دقيقة هذا الأسبوع؟

سامي
Dealix — https://dealix.me
العرض: https://dealix.me/proposal
حجز موعد: https://calendly.com/sami-assiri11/dealix-demo

[DRAFT_ONLY — يتطلب موافقة قبل الإرسال]",email,draft_only
draft_0052,عيادات العيون التخصصية,clinics,الدمام,en,Dealix — AI Operating System for عيادات العيون التخصصية,"Hello عيادات العيون التخصصية,

Clinic bookings arrive through WhatsApp, phone, and Instagram — no system connecting them. Dealix builds a unified intake to booking to review management OS.

7-day Pilot at 499 SAR — we do the work on your leads, you see the results, then decide.
Would 20 minutes this week work for you?

Sami
Dealix — https://dealix.me
Proposal: https://dealix.me/proposal
Book a call: https://calendly.com/sami-assiri11/dealix-demo

[DRAFT_ONLY — requires approval before sending]",email,draft_only
draft_0053,معهد اللغات الدولية,training_centers,الدمام,ar,Dealix — نظام تشغيل ذكي لـ معهد اللغات الدولية,"السلام عليكم معهد اللغات الدولية،

التسجيل في الدورات يتم يدوياً، والـ leads تضيع. Dealix يبني لكم Growth Engine يتابع كل مسجل من أول استفسار حتى الشهادة.

Pilot 7 أيام بـ 499 ريال — نشتغل على leadsكم نحن، تشوفون النتيجة، ثم تقرّرون.
تناسبكم 20 دقيقة هذا الأسبوع؟

سامي
Dealix — https://dealix.me
العرض: https://dealix.me/proposal
حجز موعد: https://calendly.com/sami-assiri11/dealix-demo

[DRAFT_ONLY — يتطلب موافقة قبل الإرسال]",email,draft_only
draft_0054,معهد اللغات الدولية,training_centers,الدمام,en,Dealix — AI Operating System for معهد اللغات الدولية,"Hello معهد اللغات الدولية,

Course registrations are manual and slow, leads fall through. Dealix builds a Growth Engine that tracks every prospect from first inquiry to certificate.

7-day Pilot at 499 SAR — we do the work on your leads, you see the results, then decide.
Would 20 minutes this week work for you?

Sami
Dealix — https://dealix.me
Proposal: https://dealix.me/proposal
Book a call: https://calendly.com/sami-assiri11/dealix-demo

[DRAFT_ONLY — requires approval before sending]",email,draft_only
draft_0055,شركة تألق للعلاقات العامة,agencies,الرياض,ar,Dealix — نظام تشغيل ذكي لـ شركة تألق للعلاقات العامة,"السلام عليكم شركة تألق للعلاقات العامة،

تقارير العملاء تُكتب يدوياً كل أسبوع. Dealix يبني Command Center للوكالة — كل عميل، كل مهمة، كل نتيجة في مكان واحد.

Pilot 7 أيام بـ 499 ريال — نشتغل على leadsكم نحن، تشوفون النتيجة، ثم تقرّرون.
تناسبكم 20 دقيقة هذا الأسبوع؟

سامي
Dealix — https://dealix.me
العرض: https://dealix.me/proposal
حجز موعد: https://calendly.com/sami-assiri11/dealix-demo

[DRAFT_ONLY — يتطلب موافقة قبل الإرسال]",email,draft_only
draft_0056,شركة تألق للعلاقات العامة,agencies,الرياض,en,Dealix — AI Operating System for شركة تألق للعلاقات العامة,"Hello شركة تألق للعلاقات العامة,

Client reports are written manually each week. Dealix builds an Agency Command Center — every client, every task, every result in one dashboard.

7-day Pilot at 499 SAR — we do the work on your leads, you see the results, then decide.
Would 20 minutes this week work for you?

Sami
Dealix — https://dealix.me
Proposal: https://dealix.me/proposal
Book a call: https://calendly.com/sami-assiri11/dealix-demo

[DRAFT_ONLY — requires approval before sending]",email,draft_only
draft_0057,مطعم قصر النخيل,restaurants,الرياض,ar,Dealix — نظام تشغيل ذكي لـ مطعم قصر النخيل,"السلام عليكم مطعم قصر النخيل،

تقييمات جوجل تتراكم بدون ردود منظمة. Dealix يبني Review Intelligence OS يحوّل كل تقييم إلى فرصة تحسين مع ردود جاهزة للمراجعة.

Pilot 7 أيام بـ 499 ريال — نشتغل على leadsكم نحن، تشوفون النتيجة، ثم تقرّرون.
تناسبكم 20 دقيقة هذا الأسبوع؟

سامي
Dealix — https://dealix.me
العرض: https://dealix.me/proposal
حجز موعد: https://calendly.com/sami-assiri11/dealix-demo

[DRAFT_ONLY — يتطلب موافقة قبل الإرسال]",email,draft_only
draft_0058,مطعم قصر النخيل,restaurants,الرياض,en,Dealix — AI Operating System for مطعم قصر النخيل,"Hello مطعم قصر النخيل,

Google reviews pile up without organized responses. Dealix builds a Review Intelligence OS that turns every review into an improvement opportunity.

7-day Pilot at 499 SAR — we do the work on your leads, you see the results, then decide.
Would 20 minutes this week work for you?

Sami
Dealix — https://dealix.me
Proposal: https://dealix.me/proposal
Book a call: https://calendly.com/sami-assiri11/dealix-demo

[DRAFT_ONLY — requires approval before sending]",email,draft_only
draft_0059,شركة الدقة للتخزين والتوزيع,logistics,الدمام,ar,Dealix — نظام تشغيل ذكي لـ شركة الدقة للتخزين والتوزيع,"السلام عليكم شركة الدقة للتخزين والتوزيع،

طلبات الشحن والتسعير تتضيع في الواتساب. Dealix يبني Sales Pipeline يجمع كل RFQ ويفرز الجاد منها للمتابعة الفورية.

Pilot 7 أيام بـ 499 ريال — نشتغل على leadsكم نحن، تشوفون النتيجة، ثم تقرّرون.
تناسبكم 20 دقيقة هذا الأسبوع؟

سامي
Dealix — https://dealix.me
العرض: https://dealix.me/proposal
حجز موعد: https://calendly.com/sami-assiri11/dealix-demo

[DRAFT_ONLY — يتطلب موافقة قبل الإرسال]",email,draft_only
draft_0060,شركة الدقة للتخزين والتوزيع,logistics,الدمام,en,Dealix — AI Operating System for شركة الدقة للتخزين والتوزيع,"Hello شركة الدقة للتخزين والتوزيع,

Shipping RFQs get lost in WhatsApp. Dealix builds a Sales Pipeline that captures every RFQ and surfaces the serious ones for immediate follow-up.

7-day Pilot at 499 SAR — we do the work on your leads, you see the results, then decide.
Would 20 minutes this week work for you?

Sami
Dealix — https://dealix.me
Proposal: https://dealix.me/proposal
Book a call: https://calendly.com/sami-assiri11/dealix-demo

[DRAFT_ONLY — requires approval before sending]",email,draft_only
draft_0061,شركة الأصيل للاستشارات المالية,b2b_services,الرياض,ar,Dealix — نظام تشغيل ذكي لـ شركة الأصيل للاستشارات المالية,"السلام عليكم شركة الأصيل للاستشارات المالية،

عروض الأسعار تُكتب يدوياً وبطيئة، والعملاء المحتملون يرحلون. Dealix يبني Proposal Builder يُصدر عروضاً احترافية خلال دقائق.

Pilot 7 أيام بـ 499 ريال — نشتغل على leadsكم نحن، تشوفون النتيجة، ثم تقرّرون.
تناسبكم 20 دقيقة هذا الأسبوع؟

سامي
Dealix — https://dealix.me
العرض: https://dealix.me/proposal
حجز موعد: https://calendly.com/sami-assiri11/dealix-demo

[DRAFT_ONLY — يتطلب موافقة قبل الإرسال]",email,draft_only
draft_0062,شركة الأصيل للاستشارات المالية,b2b_services,الرياض,en,Dealix — AI Operating System for شركة الأصيل للاستشارات المالية,"Hello شركة الأصيل للاستشارات المالية,

Proposals are written manually and slowly — prospects leave for competitors. Dealix builds a Proposal Builder that generates professional bilingual proposals in minutes.

7-day Pilot at 499 SAR — we do the work on your leads, you see the results, then decide.
Would 20 minutes this week work for you?

Sami
Dealix — https://dealix.me
Proposal: https://dealix.me/proposal
Book a call: https://calendly.com/sami-assiri11/dealix-demo

[DRAFT_ONLY — requires approval before sending]",email,draft_only
draft_0063,شركة الهندسة والتصميم المتقدم,construction,الدمام,ar,Dealix — نظام تشغيل ذكي لـ شركة الهندسة والتصميم المتقدم,"السلام عليكم شركة الهندسة والتصميم المتقدم،

طلبات تسعير المشاريع تتضيع. Dealix يبني نظام استقبال RFQ يجمع المواصفات والميزانية ويفرز الجاد للفريق.

Pilot 7 أيام بـ 499 ريال — نشتغل على leadsكم نحن، تشوفون النتيجة، ثم تقرّرون.
تناسبكم 20 دقيقة هذا الأسبوع؟

سامي
Dealix — https://dealix.me
العرض: https://dealix.me/proposal
حجز موعد: https://calendly.com/sami-assiri11/dealix-demo

[DRAFT_ONLY — يتطلب موافقة قبل الإرسال]",email,draft_only
draft_0064,شركة الهندسة والتصميم المتقدم,construction,الدمام,en,Dealix — AI Operating System for شركة الهندسة والتصميم المتقدم,"Hello شركة الهندسة والتصميم المتقدم,

Project pricing requests get lost. Dealix builds an RFQ intake system that collects specs, budgets, and timelines — sorted by priority for your team.

7-day Pilot at 499 SAR — we do the work on your leads, you see the results, then decide.
Would 20 minutes this week work for you?

Sami
Dealix — https://dealix.me
Proposal: https://dealix.me/proposal
Book a call: https://calendly.com/sami-assiri11/dealix-demo

[DRAFT_ONLY — requires approval before sending]",email,draft_only
draft_0065,شقق العروبة الفندقية,hospitality,جدة,ar,Dealix — نظام تشغيل ذكي لـ شقق العروبة الفندقية,"السلام عليكم شقق العروبة الفندقية،

حجوزات الفعاليات والقاعات تحتاج رداً فورياً. Dealix يبني Event Booking OS يرد خلال ثوانٍ ويحجز المواعيد آلياً.

Pilot 7 أيام بـ 499 ريال — نشتغل على leadsكم نحن، تشوفون النتيجة، ثم تقرّرون.
تناسبكم 20 دقيقة هذا الأسبوع؟

سامي
Dealix — https://dealix.me
العرض: https://dealix.me/proposal
حجز موعد: https://calendly.com/sami-assiri11/dealix-demo

[DRAFT_ONLY — يتطلب موافقة قبل الإرسال]",email,draft_only
draft_0066,شقق العروبة الفندقية,hospitality,جدة,en,Dealix — AI Operating System for شقق العروبة الفندقية,"Hello شقق العروبة الفندقية,

Event and venue bookings need immediate responses. Dealix builds an Event Booking OS that responds instantly and manages your calendar automatically.

7-day Pilot at 499 SAR — we do the work on your leads, you see the results, then decide.
Would 20 minutes this week work for you?

Sami
Dealix — https://dealix.me
Proposal: https://dealix.me/proposal
Book a call: https://calendly.com/sami-assiri11/dealix-demo

[DRAFT_ONLY — requires approval before sending]",email,draft_only
draft_0067,شركة بيانات للحلول التحليلية,saas,جدة,ar,Dealix — نظام تشغيل ذكي لـ شركة بيانات للحلول التحليلية,"السلام عليكم شركة بيانات للحلول التحليلية،

inbound leads من السوق السعودي تحتاج رداً بالعربي الخليجي. Dealix يبني لكم Sales AI Rep يرد فورياً ويؤهل العميل.

Pilot 7 أيام بـ 499 ريال — نشتغل على leadsكم نحن، تشوفون النتيجة، ثم تقرّرون.
تناسبكم 20 دقيقة هذا الأسبوع؟

سامي
Dealix — https://dealix.me
العرض: https://dealix.me/proposal
حجز موعد: https://calendly.com/sami-assiri11/dealix-demo

[DRAFT_ONLY — يتطلب موافقة قبل الإرسال]",email,draft_only
draft_0068,شركة بيانات للحلول التحليلية,saas,جدة,en,Dealix — AI Operating System for شركة بيانات للحلول التحليلية,"Hello شركة بيانات للحلول التحليلية,

Saudi inbound leads need a response in Gulf Arabic, not generic English. Dealix builds you a bilingual Sales AI Rep that responds in seconds.

7-day Pilot at 499 SAR — we do the work on your leads, you see the results, then decide.
Would 20 minutes this week work for you?

Sami
Dealix — https://dealix.me
Proposal: https://dealix.me/proposal
Book a call: https://calendly.com/sami-assiri11/dealix-demo

[DRAFT_ONLY — requires approval before sending]",email,draft_only
draft_0069,متجر التقنية الذكية,retail,الرياض,ar,Dealix — نظام تشغيل ذكي لـ متجر التقنية الذكية,"السلام عليكم متجر التقنية الذكية،

شكاوى العملاء وتقييمات المنتجات تتراكم. Dealix يبني Customer Success OS يحوّل الشكاوى إلى فرص احتفاظ.

Pilot 7 أيام بـ 499 ريال — نشتغل على leadsكم نحن، تشوفون النتيجة، ثم تقرّرون.
تناسبكم 20 دقيقة هذا الأسبوع؟

سامي
Dealix — https://dealix.me
العرض: https://dealix.me/proposal
حجز موعد: https://calendly.com/sami-assiri11/dealix-demo

[DRAFT_ONLY — يتطلب موافقة قبل الإرسال]",email,draft_only
draft_0070,متجر التقنية الذكية,retail,الرياض,en,Dealix — AI Operating System for متجر التقنية الذكية,"Hello متجر التقنية الذكية,

Customer complaints and product reviews accumulate. Dealix builds a Customer Success OS that turns complaints into retention opportunities.

7-day Pilot at 499 SAR — we do the work on your leads, you see the results, then decide.
Would 20 minutes this week work for you?

Sami
Dealix — https://dealix.me
Proposal: https://dealix.me/proposal
Book a call: https://calendly.com/sami-assiri11/dealix-demo

[DRAFT_ONLY — requires approval before sending]",email,draft_only
draft_0071,شركة الحقوق للاستشارات القانونية,law_accounting,الدمام,ar,Dealix — نظام تشغيل ذكي لـ شركة الحقوق للاستشارات القانونية,"السلام عليكم شركة الحقوق للاستشارات القانونية،

استفسارات العملاء الجدد تضيع. Dealix يبني Inquiry Management System يرتب الاستفسارات ويُصدر عروض أسعار فورية.

Pilot 7 أيام بـ 499 ريال — نشتغل على leadsكم نحن، تشوفون النتيجة، ثم تقرّرون.
تناسبكم 20 دقيقة هذا الأسبوع؟

سامي
Dealix — https://dealix.me
العرض: https://dealix.me/proposal
حجز موعد: https://calendly.com/sami-assiri11/dealix-demo

[DRAFT_ONLY — يتطلب موافقة قبل الإرسال]",email,draft_only
draft_0072,شركة الحقوق للاستشارات القانونية,law_accounting,الدمام,en,Dealix — AI Operating System for شركة الحقوق للاستشارات القانونية,"Hello شركة الحقوق للاستشارات القانونية,

New client inquiries get lost. Dealix builds an Inquiry Management System that organizes leads and issues instant professional proposals.

7-day Pilot at 499 SAR — we do the work on your leads, you see the results, then decide.
Would 20 minutes this week work for you?

Sami
Dealix — https://dealix.me
Proposal: https://dealix.me/proposal
Book a call: https://calendly.com/sami-assiri11/dealix-demo

[DRAFT_ONLY — requires approval before sending]",email,draft_only
draft_0073,مكتب السلام للوساطة العقارية,real_estate,مكة المكرمة,ar,Dealix — نظام تشغيل ذكي لـ مكتب السلام للوساطة العقارية,"السلام عليكم مكتب السلام للوساطة العقارية،

leads العقارية الواردة عبر واتساب تضيع بدون نظام متابعة. Dealix يبني لكم Revenue OS يحوّل كل استفسار إلى pipeline مرئي يومياً.

Pilot 7 أيام بـ 499 ريال — نشتغل على leadsكم نحن، تشوفون النتيجة، ثم تقرّرون.
تناسبكم 20 دقيقة هذا الأسبوع؟

سامي
Dealix — https://dealix.me
العرض: https://dealix.me/proposal
حجز موعد: https://calendly.com/sami-assiri11/dealix-demo

[DRAFT_ONLY — يتطلب موافقة قبل الإرسال]",email,draft_only
draft_0074,مكتب السلام للوساطة العقارية,real_estate,مكة المكرمة,en,Dealix — AI Operating System for مكتب السلام للوساطة العقارية,"Hello مكتب السلام للوساطة العقارية,

Real estate leads coming through WhatsApp and calls are lost without a structured follow-up system. Dealix builds you a Revenue OS that turns every inquiry into a visible daily pipeline.

7-day Pilot at 499 SAR — we do the work on your leads, you see the results, then decide.
Would 20 minutes this week work for you?

Sami
Dealix — https://dealix.me
Proposal: https://dealix.me/proposal
Book a call: https://calendly.com/sami-assiri11/dealix-demo

[DRAFT_ONLY — requires approval before sending]",email,draft_only
draft_0075,مستشفى الشفاء التخصصي,clinics,الرياض,ar,Dealix — نظام تشغيل ذكي لـ مستشفى الشفاء التخصصي,"السلام عليكم مستشفى الشفاء التخصصي،

حجوزات العيادة تأتي من واتساب وتليفون وإنستغرام — بدون نظام. Dealix يربط الاستقبال والتقييمات والحجوزات في مسار واحد.

Pilot 7 أيام بـ 499 ريال — نشتغل على leadsكم نحن، تشوفون النتيجة، ثم تقرّرون.
تناسبكم 20 دقيقة هذا الأسبوع؟

سامي
Dealix — https://dealix.me
العرض: https://dealix.me/proposal
حجز موعد: https://calendly.com/sami-assiri11/dealix-demo

[DRAFT_ONLY — يتطلب موافقة قبل الإرسال]",email,draft_only
draft_0076,مستشفى الشفاء التخصصي,clinics,الرياض,en,Dealix — AI Operating System for مستشفى الشفاء التخصصي,"Hello مستشفى الشفاء التخصصي,

Clinic bookings arrive through WhatsApp, phone, and Instagram — no system connecting them. Dealix builds a unified intake to booking to review management OS.

7-day Pilot at 499 SAR — we do the work on your leads, you see the results, then decide.
Would 20 minutes this week work for you?

Sami
Dealix — https://dealix.me
Proposal: https://dealix.me/proposal
Book a call: https://calendly.com/sami-assiri11/dealix-demo

[DRAFT_ONLY — requires approval before sending]",email,draft_only
draft_0077,مدرسة القيادة الوطنية,training_centers,الرياض,ar,Dealix — نظام تشغيل ذكي لـ مدرسة القيادة الوطنية,"السلام عليكم مدرسة القيادة الوطنية،

التسجيل في الدورات يتم يدوياً، والـ leads تضيع. Dealix يبني لكم Growth Engine يتابع كل مسجل من أول استفسار حتى الشهادة.

Pilot 7 أيام بـ 499 ريال — نشتغل على leadsكم نحن، تشوفون النتيجة، ثم تقرّرون.
تناسبكم 20 دقيقة هذا الأسبوع؟

سامي
Dealix — https://dealix.me
العرض: https://dealix.me/proposal
حجز موعد: https://calendly.com/sami-assiri11/dealix-demo

[DRAFT_ONLY — يتطلب موافقة قبل الإرسال]",email,draft_only
draft_0078,مدرسة القيادة الوطنية,training_centers,الرياض,en,Dealix — AI Operating System for مدرسة القيادة الوطنية,"Hello مدرسة القيادة الوطنية,

Course registrations are manual and slow, leads fall through. Dealix builds a Growth Engine that tracks every prospect from first inquiry to certificate.

7-day Pilot at 499 SAR — we do the work on your leads, you see the results, then decide.
Would 20 minutes this week work for you?

Sami
Dealix — https://dealix.me
Proposal: https://dealix.me/proposal
Book a call: https://calendly.com/sami-assiri11/dealix-demo

[DRAFT_ONLY — requires approval before sending]",email,draft_only
draft_0079,وكالة نقطة للتصميم والهوية,agencies,الدمام,ar,Dealix — نظام تشغيل ذكي لـ وكالة نقطة للتصميم والهوية,"السلام عليكم وكالة نقطة للتصميم والهوية،

تقارير العملاء تُكتب يدوياً كل أسبوع. Dealix يبني Command Center للوكالة — كل عميل، كل مهمة، كل نتيجة في مكان واحد.

Pilot 7 أيام بـ 499 ريال — نشتغل على leadsكم نحن، تشوفون النتيجة، ثم تقرّرون.
تناسبكم 20 دقيقة هذا الأسبوع؟

سامي
Dealix — https://dealix.me
العرض: https://dealix.me/proposal
حجز موعد: https://calendly.com/sami-assiri11/dealix-demo

[DRAFT_ONLY — يتطلب موافقة قبل الإرسال]",email,draft_only
draft_0080,وكالة نقطة للتصميم والهوية,agencies,الدمام,en,Dealix — AI Operating System for وكالة نقطة للتصميم والهوية,"Hello وكالة نقطة للتصميم والهوية,

Client reports are written manually each week. Dealix builds an Agency Command Center — every client, every task, every result in one dashboard.

7-day Pilot at 499 SAR — we do the work on your leads, you see the results, then decide.
Would 20 minutes this week work for you?

Sami
Dealix — https://dealix.me
Proposal: https://dealix.me/proposal
Book a call: https://calendly.com/sami-assiri11/dealix-demo

[DRAFT_ONLY — requires approval before sending]",email,draft_only
draft_0081,فندق البوفيه الذهبي,restaurants,الدمام,ar,Dealix — نظام تشغيل ذكي لـ فندق البوفيه الذهبي,"السلام عليكم فندق البوفيه الذهبي،

تقييمات جوجل تتراكم بدون ردود منظمة. Dealix يبني Review Intelligence OS يحوّل كل تقييم إلى فرصة تحسين مع ردود جاهزة للمراجعة.

Pilot 7 أيام بـ 499 ريال — نشتغل على leadsكم نحن، تشوفون النتيجة، ثم تقرّرون.
تناسبكم 20 دقيقة هذا الأسبوع؟

سامي
Dealix — https://dealix.me
العرض: https://dealix.me/proposal
حجز موعد: https://calendly.com/sami-assiri11/dealix-demo

[DRAFT_ONLY — يتطلب موافقة قبل الإرسال]",email,draft_only
draft_0082,فندق البوفيه الذهبي,restaurants,الدمام,en,Dealix — AI Operating System for فندق البوفيه الذهبي,"Hello فندق البوفيه الذهبي,

Google reviews pile up without organized responses. Dealix builds a Review Intelligence OS that turns every review into an improvement opportunity.

7-day Pilot at 499 SAR — we do the work on your leads, you see the results, then decide.
Would 20 minutes this week work for you?

Sami
Dealix — https://dealix.me
Proposal: https://dealix.me/proposal
Book a call: https://calendly.com/sami-assiri11/dealix-demo

[DRAFT_ONLY — requires approval before sending]",email,draft_only
draft_0083,شركة الأمانة للنقل الدولي,logistics,الرياض,ar,Dealix — نظام تشغيل ذكي لـ شركة الأمانة للنقل الدولي,"السلام عليكم شركة الأمانة للنقل الدولي،

طلبات الشحن والتسعير تتضيع في الواتساب. Dealix يبني Sales Pipeline يجمع كل RFQ ويفرز الجاد منها للمتابعة الفورية.

Pilot 7 أيام بـ 499 ريال — نشتغل على leadsكم نحن، تشوفون النتيجة، ثم تقرّرون.
تناسبكم 20 دقيقة هذا الأسبوع؟

سامي
Dealix — https://dealix.me
العرض: https://dealix.me/proposal
حجز موعد: https://calendly.com/sami-assiri11/dealix-demo

[DRAFT_ONLY — يتطلب موافقة قبل الإرسال]",email,draft_only
draft_0084,شركة الأمانة للنقل الدولي,logistics,الرياض,en,Dealix — AI Operating System for شركة الأمانة للنقل الدولي,"Hello شركة الأمانة للنقل الدولي,

Shipping RFQs get lost in WhatsApp. Dealix builds a Sales Pipeline that captures every RFQ and surfaces the serious ones for immediate follow-up.

7-day Pilot at 499 SAR — we do the work on your leads, you see the results, then decide.
Would 20 minutes this week work for you?

Sami
Dealix — https://dealix.me
Proposal: https://dealix.me/proposal
Book a call: https://calendly.com/sami-assiri11/dealix-demo

[DRAFT_ONLY — requires approval before sending]",email,draft_only
draft_0085,مكتب الإتقان للخدمات القانونية,b2b_services,الدمام,ar,Dealix — نظام تشغيل ذكي لـ مكتب الإتقان للخدمات القانونية,"السلام عليكم مكتب الإتقان للخدمات القانونية،

عروض الأسعار تُكتب يدوياً وبطيئة، والعملاء المحتملون يرحلون. Dealix يبني Proposal Builder يُصدر عروضاً احترافية خلال دقائق.

Pilot 7 أيام بـ 499 ريال — نشتغل على leadsكم نحن، تشوفون النتيجة، ثم تقرّرون.
تناسبكم 20 دقيقة هذا الأسبوع؟

سامي
Dealix — https://dealix.me
العرض: https://dealix.me/proposal
حجز موعد: https://calendly.com/sami-assiri11/dealix-demo

[DRAFT_ONLY — يتطلب موافقة قبل الإرسال]",email,draft_only
draft_0086,مكتب الإتقان للخدمات القانونية,b2b_services,الدمام,en,Dealix — AI Operating System for مكتب الإتقان للخدمات القانونية,"Hello مكتب الإتقان للخدمات القانونية,

Proposals are written manually and slowly — prospects leave for competitors. Dealix builds a Proposal Builder that generates professional bilingual proposals in minutes.

7-day Pilot at 499 SAR — we do the work on your leads, you see the results, then decide.
Would 20 minutes this week work for you?

Sami
Dealix — https://dealix.me
Proposal: https://dealix.me/proposal
Book a call: https://calendly.com/sami-assiri11/dealix-demo

[DRAFT_ONLY — requires approval before sending]",email,draft_only
draft_0087,مؤسسة قمة للمقاولات,construction,الرياض,ar,Dealix — نظام تشغيل ذكي لـ مؤسسة قمة للمقاولات,"السلام عليكم مؤسسة قمة للمقاولات،

طلبات تسعير المشاريع تتضيع. Dealix يبني نظام استقبال RFQ يجمع المواصفات والميزانية ويفرز الجاد للفريق.

Pilot 7 أيام بـ 499 ريال — نشتغل على leadsكم نحن، تشوفون النتيجة، ثم تقرّرون.
تناسبكم 20 دقيقة هذا الأسبوع؟

سامي
Dealix — https://dealix.me
العرض: https://dealix.me/proposal
حجز موعد: https://calendly.com/sami-assiri11/dealix-demo

[DRAFT_ONLY — يتطلب موافقة قبل الإرسال]",email,draft_only
draft_0088,مؤسسة قمة للمقاولات,construction,الرياض,en,Dealix — AI Operating System for مؤسسة قمة للمقاولات,"Hello مؤسسة قمة للمقاولات,

Project pricing requests get lost. Dealix builds an RFQ intake system that collects specs, budgets, and timelines — sorted by priority for your team.

7-day Pilot at 499 SAR — we do the work on your leads, you see the results, then decide.
Would 20 minutes this week work for you?

Sami
Dealix — https://dealix.me
Proposal: https://dealix.me/proposal
Book a call: https://calendly.com/sami-assiri11/dealix-demo

[DRAFT_ONLY — requires approval before sending]",email,draft_only
draft_0089,قصر الضيافة للاجتماعات والمؤتمرات,hospitality,الرياض,ar,Dealix — نظام تشغيل ذكي لـ قصر الضيافة للاجتماعات والمؤتمرات,"السلام عليكم قصر الضيافة للاجتماعات والمؤتمرات،

حجوزات الفعاليات والقاعات تحتاج رداً فورياً. Dealix يبني Event Booking OS يرد خلال ثوانٍ ويحجز المواعيد آلياً.

Pilot 7 أيام بـ 499 ريال — نشتغل على leadsكم نحن، تشوفون النتيجة، ثم تقرّرون.
تناسبكم 20 دقيقة هذا الأسبوع؟

سامي
Dealix — https://dealix.me
العرض: https://dealix.me/proposal
حجز موعد: https://calendly.com/sami-assiri11/dealix-demo

[DRAFT_ONLY — يتطلب موافقة قبل الإرسال]",email,draft_only
draft_0090,قصر الضيافة للاجتماعات والمؤتمرات,hospitality,الرياض,en,Dealix — AI Operating System for قصر الضيافة للاجتماعات والمؤتمرات,"Hello قصر الضيافة للاجتماعات والمؤتمرات,

Event and venue bookings need immediate responses. Dealix builds an Event Booking OS that responds instantly and manages your calendar automatically.

7-day Pilot at 499 SAR — we do the work on your leads, you see the results, then decide.
Would 20 minutes this week work for you?

Sami
Dealix — https://dealix.me
Proposal: https://dealix.me/proposal
Book a call: https://calendly.com/sami-assiri11/dealix-demo

[DRAFT_ONLY — requires approval before sending]",email,draft_only
draft_0091,منصة مسار للموارد البشرية,saas,الرياض,ar,Dealix — نظام تشغيل ذكي لـ منصة مسار للموارد البشرية,"السلام عليكم منصة مسار للموارد البشرية،

inbound leads من السوق السعودي تحتاج رداً بالعربي الخليجي. Dealix يبني لكم Sales AI Rep يرد فورياً ويؤهل العميل.

Pilot 7 أيام بـ 499 ريال — نشتغل على leadsكم نحن، تشوفون النتيجة، ثم تقرّرون.
تناسبكم 20 دقيقة هذا الأسبوع؟

سامي
Dealix — https://dealix.me
العرض: https://dealix.me/proposal
حجز موعد: https://calendly.com/sami-assiri11/dealix-demo

[DRAFT_ONLY — يتطلب موافقة قبل الإرسال]",email,draft_only
draft_0092,منصة مسار للموارد البشرية,saas,الرياض,en,Dealix — AI Operating System for منصة مسار للموارد البشرية,"Hello منصة مسار للموارد البشرية,

Saudi inbound leads need a response in Gulf Arabic, not generic English. Dealix builds you a bilingual Sales AI Rep that responds in seconds.

7-day Pilot at 499 SAR — we do the work on your leads, you see the results, then decide.
Would 20 minutes this week work for you?

Sami
Dealix — https://dealix.me
Proposal: https://dealix.me/proposal
Book a call: https://calendly.com/sami-assiri11/dealix-demo

[DRAFT_ONLY — requires approval before sending]",email,draft_only
draft_0093,شركة الأناقة للأزياء النسائية,retail,الدمام,ar,Dealix — نظام تشغيل ذكي لـ شركة الأناقة للأزياء النسائية,"السلام عليكم شركة الأناقة للأزياء النسائية،

شكاوى العملاء وتقييمات المنتجات تتراكم. Dealix يبني Customer Success OS يحوّل الشكاوى إلى فرص احتفاظ.

Pilot 7 أيام بـ 499 ريال — نشتغل على leadsكم نحن، تشوفون النتيجة، ثم تقرّرون.
تناسبكم 20 دقيقة هذا الأسبوع؟

سامي
Dealix — https://dealix.me
العرض: https://dealix.me/proposal
حجز موعد: https://calendly.com/sami-assiri11/dealix-demo

[DRAFT_ONLY — يتطلب موافقة قبل الإرسال]",email,draft_only
draft_0094,شركة الأناقة للأزياء النسائية,retail,الدمام,en,Dealix — AI Operating System for شركة الأناقة للأزياء النسائية,"Hello شركة الأناقة للأزياء النسائية,

Customer complaints and product reviews accumulate. Dealix builds a Customer Success OS that turns complaints into retention opportunities.

7-day Pilot at 499 SAR — we do the work on your leads, you see the results, then decide.
Would 20 minutes this week work for you?

Sami
Dealix — https://dealix.me
Proposal: https://dealix.me/proposal
Book a call: https://calendly.com/sami-assiri11/dealix-demo

[DRAFT_ONLY — requires approval before sending]",email,draft_only
draft_0095,مكتب البصمة للمحاسبة القانونية,law_accounting,الرياض,ar,Dealix — نظام تشغيل ذكي لـ مكتب البصمة للمحاسبة القانونية,"السلام عليكم مكتب البصمة للمحاسبة القانونية،

استفسارات العملاء الجدد تضيع. Dealix يبني Inquiry Management System يرتب الاستفسارات ويُصدر عروض أسعار فورية.

Pilot 7 أيام بـ 499 ريال — نشتغل على leadsكم نحن، تشوفون النتيجة، ثم تقرّرون.
تناسبكم 20 دقيقة هذا الأسبوع؟

سامي
Dealix — https://dealix.me
العرض: https://dealix.me/proposal
حجز موعد: https://calendly.com/sami-assiri11/dealix-demo

[DRAFT_ONLY — يتطلب موافقة قبل الإرسال]",email,draft_only
draft_0096,مكتب البصمة للمحاسبة القانونية,law_accounting,الرياض,en,Dealix — AI Operating System for مكتب البصمة للمحاسبة القانونية,"Hello مكتب البصمة للمحاسبة القانونية,

New client inquiries get lost. Dealix builds an Inquiry Management System that organizes leads and issues instant professional proposals.

7-day Pilot at 499 SAR — we do the work on your leads, you see the results, then decide.
Would 20 minutes this week work for you?

Sami
Dealix — https://dealix.me
Proposal: https://dealix.me/proposal
Book a call: https://calendly.com/sami-assiri11/dealix-demo

[DRAFT_ONLY — requires approval before sending]",email,draft_only
draft_0097,شركة البنيان للاستثمار العقاري,real_estate,الرياض,ar,Dealix — نظام تشغيل ذكي لـ شركة البنيان للاستثمار العقاري,"السلام عليكم شركة البنيان للاستثمار العقاري،

leads العقارية الواردة عبر واتساب تضيع بدون نظام متابعة. Dealix يبني لكم Revenue OS يحوّل كل استفسار إلى pipeline مرئي يومياً.

Pilot 7 أيام بـ 499 ريال — نشتغل على leadsكم نحن، تشوفون النتيجة، ثم تقرّرون.
تناسبكم 20 دقيقة هذا الأسبوع؟

سامي
Dealix — https://dealix.me
العرض: https://dealix.me/proposal
حجز موعد: https://calendly.com/sami-assiri11/dealix-demo

[DRAFT_ONLY — يتطلب موافقة قبل الإرسال]",email,draft_only
draft_0098,شركة البنيان للاستثمار العقاري,real_estate,الرياض,en,Dealix — AI Operating System for شركة البنيان للاستثمار العقاري,"Hello شركة البنيان للاستثمار العقاري,

Real estate leads coming through WhatsApp and calls are lost without a structured follow-up system. Dealix builds you a Revenue OS that turns every inquiry into a visible daily pipeline.

7-day Pilot at 499 SAR — we do the work on your leads, you see the results, then decide.
Would 20 minutes this week work for you?

Sami
Dealix — https://dealix.me
Proposal: https://dealix.me/proposal
Book a call: https://calendly.com/sami-assiri11/dealix-demo

[DRAFT_ONLY — requires approval before sending]",email,draft_only
draft_0099,مركز تجميل ونضارة,clinics,جدة,ar,Dealix — نظام تشغيل ذكي لـ مركز تجميل ونضارة,"السلام عليكم مركز تجميل ونضارة،

حجوزات العيادة تأتي من واتساب وتليفون وإنستغرام — بدون نظام. Dealix يربط الاستقبال والتقييمات والحجوزات في مسار واحد.

Pilot 7 أيام بـ 499 ريال — نشتغل على leadsكم نحن، تشوفون النتيجة، ثم تقرّرون.
تناسبكم 20 دقيقة هذا الأسبوع؟

سامي
Dealix — https://dealix.me
العرض: https://dealix.me/proposal
حجز موعد: https://calendly.com/sami-assiri11/dealix-demo

[DRAFT_ONLY — يتطلب موافقة قبل الإرسال]",email,draft_only
draft_0100,مركز تجميل ونضارة,clinics,جدة,en,Dealix — AI Operating System for مركز تجميل ونضارة,"Hello مركز تجميل ونضارة,

Clinic bookings arrive through WhatsApp, phone, and Instagram — no system connecting them. Dealix builds a unified intake to booking to review management OS.

7-day Pilot at 499 SAR — we do the work on your leads, you see the results, then decide.
Would 20 minutes this week work for you?

Sami
Dealix — https://dealix.me
Proposal: https://dealix.me/proposal
Book a call: https://calendly.com/sami-assiri11/dealix-demo

[DRAFT_ONLY — requires approval before sending]",email,draft_only
draft_0101,أكاديمية الريادة للتدريب,training_centers,مكة المكرمة,ar,Dealix — نظام تشغيل ذكي لـ أكاديمية الريادة للتدريب,"السلام عليكم أكاديمية الريادة للتدريب،

التسجيل في الدورات يتم يدوياً، والـ leads تضيع. Dealix يبني لكم Growth Engine يتابع كل مسجل من أول استفسار حتى الشهادة.

Pilot 7 أيام بـ 499 ريال — نشتغل على leadsكم نحن، تشوفون النتيجة، ثم تقرّرون.
تناسبكم 20 دقيقة هذا الأسبوع؟

سامي
Dealix — https://dealix.me
العرض: https://dealix.me/proposal
حجز موعد: https://calendly.com/sami-assiri11/dealix-demo

[DRAFT_ONLY — يتطلب موافقة قبل الإرسال]",email,draft_only
draft_0102,أكاديمية الريادة للتدريب,training_centers,مكة المكرمة,en,Dealix — AI Operating System for أكاديمية الريادة للتدريب,"Hello أكاديمية الريادة للتدريب,

Course registrations are manual and slow, leads fall through. Dealix builds a Growth Engine that tracks every prospect from first inquiry to certificate.

7-day Pilot at 499 SAR — we do the work on your leads, you see the results, then decide.
Would 20 minutes this week work for you?

Sami
Dealix — https://dealix.me
Proposal: https://dealix.me/proposal
Book a call: https://calendly.com/sami-assiri11/dealix-demo

[DRAFT_ONLY — requires approval before sending]",email,draft_only
draft_0103,شركة الصدى للاستشارات الإعلامية,agencies,الرياض,ar,Dealix — نظام تشغيل ذكي لـ شركة الصدى للاستشارات الإعلامية,"السلام عليكم شركة الصدى للاستشارات الإعلامية،

تقارير العملاء تُكتب يدوياً كل أسبوع. Dealix يبني Command Center للوكالة — كل عميل، كل مهمة، كل نتيجة في مكان واحد.

Pilot 7 أيام بـ 499 ريال — نشتغل على leadsكم نحن، تشوفون النتيجة، ثم تقرّرون.
تناسبكم 20 دقيقة هذا الأسبوع؟

سامي
Dealix — https://dealix.me
العرض: https://dealix.me/proposal
حجز موعد: https://calendly.com/sami-assiri11/dealix-demo

[DRAFT_ONLY — يتطلب موافقة قبل الإرسال]",email,draft_only
draft_0104,شركة الصدى للاستشارات الإعلامية,agencies,الرياض,en,Dealix — AI Operating System for شركة الصدى للاستشارات الإعلامية,"Hello شركة الصدى للاستشارات الإعلامية,

Client reports are written manually each week. Dealix builds an Agency Command Center — every client, every task, every result in one dashboard.

7-day Pilot at 499 SAR — we do the work on your leads, you see the results, then decide.
Would 20 minutes this week work for you?

Sami
Dealix — https://dealix.me
Proposal: https://dealix.me/proposal
Book a call: https://calendly.com/sami-assiri11/dealix-demo

[DRAFT_ONLY — requires approval before sending]",email,draft_only
draft_0105,سلسلة مطاعم البيت اللبناني,restaurants,جدة,ar,Dealix — نظام تشغيل ذكي لـ سلسلة مطاعم البيت اللبناني,"السلام عليكم سلسلة مطاعم البيت اللبناني،

تقييمات جوجل تتراكم بدون ردود منظمة. Dealix يبني Review Intelligence OS يحوّل كل تقييم إلى فرصة تحسين مع ردود جاهزة للمراجعة.

Pilot 7 أيام بـ 499 ريال — نشتغل على leadsكم نحن، تشوفون النتيجة، ثم تقرّرون.
تناسبكم 20 دقيقة هذا الأسبوع؟

سامي
Dealix — https://dealix.me
العرض: https://dealix.me/proposal
حجز موعد: https://calendly.com/sami-assiri11/dealix-demo

[DRAFT_ONLY — يتطلب موافقة قبل الإرسال]",email,draft_only
draft_0106,سلسلة مطاعم البيت اللبناني,restaurants,جدة,en,Dealix — AI Operating System for سلسلة مطاعم البيت اللبناني,"Hello سلسلة مطاعم البيت اللبناني,

Google reviews pile up without organized responses. Dealix builds a Review Intelligence OS that turns every review into an improvement opportunity.

7-day Pilot at 499 SAR — we do the work on your leads, you see the results, then decide.
Would 20 minutes this week work for you?

Sami
Dealix — https://dealix.me
Proposal: https://dealix.me/proposal
Book a call: https://calendly.com/sami-assiri11/dealix-demo

[DRAFT_ONLY — requires approval before sending]",email,draft_only
draft_0107,مجموعة الربيع للخدمات اللوجستية,logistics,الخبر,ar,Dealix — نظام تشغيل ذكي لـ مجموعة الربيع للخدمات اللوجستية,"السلام عليكم مجموعة الربيع للخدمات اللوجستية،

طلبات الشحن والتسعير تتضيع في الواتساب. Dealix يبني Sales Pipeline يجمع كل RFQ ويفرز الجاد منها للمتابعة الفورية.

Pilot 7 أيام بـ 499 ريال — نشتغل على leadsكم نحن، تشوفون النتيجة، ثم تقرّرون.
تناسبكم 20 دقيقة هذا الأسبوع؟

سامي
Dealix — https://dealix.me
العرض: https://dealix.me/proposal
حجز موعد: https://calendly.com/sami-assiri11/dealix-demo

[DRAFT_ONLY — يتطلب موافقة قبل الإرسال]",email,draft_only
draft_0108,مجموعة الربيع للخدمات اللوجستية,logistics,الخبر,en,Dealix — AI Operating System for مجموعة الربيع للخدمات اللوجستية,"Hello مجموعة الربيع للخدمات اللوجستية,

Shipping RFQs get lost in WhatsApp. Dealix builds a Sales Pipeline that captures every RFQ and surfaces the serious ones for immediate follow-up.

7-day Pilot at 499 SAR — we do the work on your leads, you see the results, then decide.
Would 20 minutes this week work for you?

Sami
Dealix — https://dealix.me
Proposal: https://dealix.me/proposal
Book a call: https://calendly.com/sami-assiri11/dealix-demo

[DRAFT_ONLY — requires approval before sending]",email,draft_only
draft_0109,شركة النخبة لخدمات الموارد البشرية,b2b_services,الرياض,ar,Dealix — نظام تشغيل ذكي لـ شركة النخبة لخدمات الموارد البشرية,"السلام عليكم شركة النخبة لخدمات الموارد البشرية،

عروض الأسعار تُكتب يدوياً وبطيئة، والعملاء المحتملون يرحلون. Dealix يبني Proposal Builder يُصدر عروضاً احترافية خلال دقائق.

Pilot 7 أيام بـ 499 ريال — نشتغل على leadsكم نحن، تشوفون النتيجة، ثم تقرّرون.
تناسبكم 20 دقيقة هذا الأسبوع؟

سامي
Dealix — https://dealix.me
العرض: https://dealix.me/proposal
حجز موعد: https://calendly.com/sami-assiri11/dealix-demo

[DRAFT_ONLY — يتطلب موافقة قبل الإرسال]",email,draft_only
draft_0110,شركة النخبة لخدمات الموارد البشرية,b2b_services,الرياض,en,Dealix — AI Operating System for شركة النخبة لخدمات الموارد البشرية,"Hello شركة النخبة لخدمات الموارد البشرية,

Proposals are written manually and slowly — prospects leave for competitors. Dealix builds a Proposal Builder that generates professional bilingual proposals in minutes.

7-day Pilot at 499 SAR — we do the work on your leads, you see the results, then decide.
Would 20 minutes this week work for you?

Sami
Dealix — https://dealix.me
Proposal: https://dealix.me/proposal
Book a call: https://calendly.com/sami-assiri11/dealix-demo

[DRAFT_ONLY — requires approval before sending]",email,draft_only
draft_0111,شركة الديار للهندسة المعمارية,construction,مكة المكرمة,ar,Dealix — نظام تشغيل ذكي لـ شركة الديار للهندسة المعمارية,"السلام عليكم شركة الديار للهندسة المعمارية،

طلبات تسعير المشاريع تتضيع. Dealix يبني نظام استقبال RFQ يجمع المواصفات والميزانية ويفرز الجاد للفريق.

Pilot 7 أيام بـ 499 ريال — نشتغل على leadsكم نحن، تشوفون النتيجة، ثم تقرّرون.
تناسبكم 20 دقيقة هذا الأسبوع؟

سامي
Dealix — https://dealix.me
العرض: https://dealix.me/proposal
حجز موعد: https://calendly.com/sami-assiri11/dealix-demo

[DRAFT_ONLY — يتطلب موافقة قبل الإرسال]",email,draft_only
draft_0112,شركة الديار للهندسة المعمارية,construction,مكة المكرمة,en,Dealix — AI Operating System for شركة الديار للهندسة المعمارية,"Hello شركة الديار للهندسة المعمارية,

Project pricing requests get lost. Dealix builds an RFQ intake system that collects specs, budgets, and timelines — sorted by priority for your team.

7-day Pilot at 499 SAR — we do the work on your leads, you see the results, then decide.
Would 20 minutes this week work for you?

Sami
Dealix — https://dealix.me
Proposal: https://dealix.me/proposal
Book a call: https://calendly.com/sami-assiri11/dealix-demo

[DRAFT_ONLY — requires approval before sending]",email,draft_only
draft_0113,فندق الخليج الكبير,hospitality,الدمام,ar,Dealix — نظام تشغيل ذكي لـ فندق الخليج الكبير,"السلام عليكم فندق الخليج الكبير،

حجوزات الفعاليات والقاعات تحتاج رداً فورياً. Dealix يبني Event Booking OS يرد خلال ثوانٍ ويحجز المواعيد آلياً.

Pilot 7 أيام بـ 499 ريال — نشتغل على leadsكم نحن، تشوفون النتيجة، ثم تقرّرون.
تناسبكم 20 دقيقة هذا الأسبوع؟

سامي
Dealix — https://dealix.me
العرض: https://dealix.me/proposal
حجز موعد: https://calendly.com/sami-assiri11/dealix-demo

[DRAFT_ONLY — يتطلب موافقة قبل الإرسال]",email,draft_only
draft_0114,فندق الخليج الكبير,hospitality,الدمام,en,Dealix — AI Operating System for فندق الخليج الكبير,"Hello فندق الخليج الكبير,

Event and venue bookings need immediate responses. Dealix builds an Event Booking OS that responds instantly and manages your calendar automatically.

7-day Pilot at 499 SAR — we do the work on your leads, you see the results, then decide.
Would 20 minutes this week work for you?

Sami
Dealix — https://dealix.me
Proposal: https://dealix.me/proposal
Book a call: https://calendly.com/sami-assiri11/dealix-demo

[DRAFT_ONLY — requires approval before sending]",email,draft_only
draft_0115,شركة رقم للحلول الرقمية,saas,الدمام,ar,Dealix — نظام تشغيل ذكي لـ شركة رقم للحلول الرقمية,"السلام عليكم شركة رقم للحلول الرقمية،

inbound leads من السوق السعودي تحتاج رداً بالعربي الخليجي. Dealix يبني لكم Sales AI Rep يرد فورياً ويؤهل العميل.

Pilot 7 أيام بـ 499 ريال — نشتغل على leadsكم نحن، تشوفون النتيجة، ثم تقرّرون.
تناسبكم 20 دقيقة هذا الأسبوع؟

سامي
Dealix — https://dealix.me
العرض: https://dealix.me/proposal
حجز موعد: https://calendly.com/sami-assiri11/dealix-demo

[DRAFT_ONLY — يتطلب موافقة قبل الإرسال]",email,draft_only
draft_0116,شركة رقم للحلول الرقمية,saas,الدمام,en,Dealix — AI Operating System for شركة رقم للحلول الرقمية,"Hello شركة رقم للحلول الرقمية,

Saudi inbound leads need a response in Gulf Arabic, not generic English. Dealix builds you a bilingual Sales AI Rep that responds in seconds.

7-day Pilot at 499 SAR — we do the work on your leads, you see the results, then decide.
Would 20 minutes this week work for you?

Sami
Dealix — https://dealix.me
Proposal: https://dealix.me/proposal
Book a call: https://calendly.com/sami-assiri11/dealix-demo

[DRAFT_ONLY — requires approval before sending]",email,draft_only
draft_0117,سلسلة الدانوب للتسوق,retail,الرياض,ar,Dealix — نظام تشغيل ذكي لـ سلسلة الدانوب للتسوق,"السلام عليكم سلسلة الدانوب للتسوق،

شكاوى العملاء وتقييمات المنتجات تتراكم. Dealix يبني Customer Success OS يحوّل الشكاوى إلى فرص احتفاظ.

Pilot 7 أيام بـ 499 ريال — نشتغل على leadsكم نحن، تشوفون النتيجة، ثم تقرّرون.
تناسبكم 20 دقيقة هذا الأسبوع؟

سامي
Dealix — https://dealix.me
العرض: https://dealix.me/proposal
حجز موعد: https://calendly.com/sami-assiri11/dealix-demo

[DRAFT_ONLY — يتطلب موافقة قبل الإرسال]",email,draft_only
draft_0118,سلسلة الدانوب للتسوق,retail,الرياض,en,Dealix — AI Operating System for سلسلة الدانوب للتسوق,"Hello سلسلة الدانوب للتسوق,

Customer complaints and product reviews accumulate. Dealix builds a Customer Success OS that turns complaints into retention opportunities.

7-day Pilot at 499 SAR — we do the work on your leads, you see the results, then decide.
Would 20 minutes this week work for you?

Sami
Dealix — https://dealix.me
Proposal: https://dealix.me/proposal
Book a call: https://calendly.com/sami-assiri11/dealix-demo

[DRAFT_ONLY — requires approval before sending]",email,draft_only
draft_0119,شركة العدالة للخدمات القانونية,law_accounting,الرياض,ar,Dealix — نظام تشغيل ذكي لـ شركة العدالة للخدمات القانونية,"السلام عليكم شركة العدالة للخدمات القانونية،

استفسارات العملاء الجدد تضيع. Dealix يبني Inquiry Management System يرتب الاستفسارات ويُصدر عروض أسعار فورية.

Pilot 7 أيام بـ 499 ريال — نشتغل على leadsكم نحن، تشوفون النتيجة، ثم تقرّرون.
تناسبكم 20 دقيقة هذا الأسبوع؟

سامي
Dealix — https://dealix.me
العرض: https://dealix.me/proposal
حجز موعد: https://calendly.com/sami-assiri11/dealix-demo

[DRAFT_ONLY — يتطلب موافقة قبل الإرسال]",email,draft_only
draft_0120,شركة العدالة للخدمات القانونية,law_accounting,الرياض,en,Dealix — AI Operating System for شركة العدالة للخدمات القانونية,"Hello شركة العدالة للخدمات القانونية,

New client inquiries get lost. Dealix builds an Inquiry Management System that organizes leads and issues instant professional proposals.

7-day Pilot at 499 SAR — we do the work on your leads, you see the results, then decide.
Would 20 minutes this week work for you?

Sami
Dealix — https://dealix.me
Proposal: https://dealix.me/proposal
Book a call: https://calendly.com/sami-assiri11/dealix-demo

[DRAFT_ONLY — requires approval before sending]",email,draft_only
